cellid,smsin0,smsin1,smsin2,smsin3,smsin4,smsin5,smsin6,smsin7,smsin8,smsin9,smsin10,smsin11,smsin12,smsin13,smsin14,smsin15,smsin16,smsin17,smsin18,smsin19,smsin20,smsin21,smsin22,smsin23,h/w
4273,0.0055843452481705285,0.00039114390684525134,0.0005125182735062519,0.0010974201031453922,0.002701292856370959,0.0059463943270334,0.007650617185894367,0.012549014409004145,0.02334781605371574,0.021305991481911025,0.01740020690978249,0.01973416656409174,0.01520071457211719,0.012804043004036985,0.020229754997984684,0.01946404278008233,0.02664279461349031,0.02473615115580138,0.026746360092035085,0.02462530437313868,0.015241163331630555,0.012889940780687803,0.014201188933349413,0.006437645230228417,1
4274,0.0022177054173205257,0.00045972104801476037,0.001258852532623533,0.0019745991296986854,0.005806902717056533,0.012065887737754851,0.014562776159094166,0.01911929576320139,0.030953025661996935,0.02349993351571535,0.024867414603885297,0.024167912203332403,0.01424143853351654,0.009307808942579526,0.013297366449227127,0.012641446667207998,0.012573443668248608,0.01213987424362073,0.013660813112630203,0.00937990301790372,0.0061406622065156465,0.006635614349308297,0.004309531466858925,0.0033735755785781274,0
4275,0.002362791471961904,0.0005926065202251578,0.001213963254593651,0.001750318939838186,0.0035461239440278893,0.00683627770644441,0.009213571380678324,0.016030930840834227,0.02865984765130557,0.02394047155874694,0.02683653480349414,0.026514121190125414,0.016780633601151968,0.013255340430825416,0.017897466117444586,0.01692504302472696,0.016291439373440755,0.016425377982364587,0.017088412863125523,0.01348967347020014,0.00845950285267787,0.0087113070000461,0.00483975175030209,0.0040831378636287516,0
4276,0.003219212126138175,0.001459529778250451,0.0016391377214713633,0.0002818239353947067,0.0011629132343817363,0.0022567755810813063,0.0036231442964106027,0.011392437959704729,0.02086541686516732,0.022666866372783066,0.024831982311164492,0.022872652049418272,0.021093562179476454,0.017729567256283107,0.023959346649153515,0.022694365830106727,0.020043803731069145,0.017148735598227306,0.014155092650426967,0.017017628272591196,0.014785236802713543,0.012027383972957651,0.00871865388580184,0.007167662888389418,1
4277,0.004382850908481023,0.0019849962163333993,0.002090685158354861,0.00021679782976609575,0.0015216497676550497,0.0023874861002886397,0.004602358711108705,0.01427672621457107,0.022880595521179596,0.025680056410439026,0.028377657667224616,0.026572049872513756,0.02525706499260842,0.01982875368002867,0.02798889438499078,0.027240234922825828,0.023768052724276748,0.017078838164360798,0.014527516530189175,0.018661815796326323,0.018262683922233496,0.014773181462257992,0.010950352339048593,0.00825098370867398,1
4278,0.004317909179790834,0.0019577439654633556,0.002024600768165429,0.00024914199109463847,0.0014999327777527373,0.0023436719138989807,0.004571299446685568,0.014020226655628862,0.022576086292707014,0.02537204765689214,0.02787794680431583,0.026151252368314917,0.024771816865116564,0.019525445949171515,0.02750660480421155,0.026898058814887424,0.02342620275896166,0.016844167945756213,0.014405164172606125,0.01863248817038336,0.01803563336005134,0.014651481471642486,0.010802268547587654,0.008008688244760786,1
4279,0.004510286267544158,0.0014278226137056213,0.0015869326209451981,0.0003259230760823703,0.00041319513386266644,0.0012666820706126512,0.003520033242079647,0.009035623200326704,0.023141588665436856,0.02382769842340714,0.02785482165784524,0.023004292551865722,0.02200682032507285,0.020190175040925004,0.022787504443940426,0.025583202860976886,0.027177292568606508,0.027297508871853116,0.017870231007083896,0.021208559582989898,0.019429598103612992,0.01701437496376594,0.011009428501833627,0.005405029375221531,1
4280,0.006429184416681214,0.0015129788582865478,0.0017969688079986215,0.000129547814413664,0.0001143738010923366,0.0006897335203058848,0.003660285406492343,0.009686984702400874,0.024261527132475084,0.022990147444499006,0.027385099704902983,0.02193169999612791,0.022436899707004312,0.019611065698734942,0.01761460304340699,0.024299790526623146,0.030160653332501584,0.038740491126461885,0.020967142376274936,0.025475477529114318,0.023303912191116674,0.023239277437890907,0.012662749748518188,0.005446154910322842,1
4281,0.0048588811335947765,0.0012540328316000297,0.0015895972041084822,0.00014855713794062939,0.0001327492376965069,0.0004888655638662218,0.003991616178853922,0.01032703160392086,0.023455135336734344,0.024624319837255926,0.02638995531040339,0.020907710571660895,0.022854226426725393,0.020106290573141183,0.01617902390686035,0.021884739043438985,0.028125489700095038,0.034232993094031924,0.021555487886210412,0.024646517158455353,0.020360026635069823,0.019256295420904075,0.01187619457205449,0.005976158579938577,1
4282,0.002348281233084342,0.000983474068292167,0.0006368483704655093,0.00016316817591863875,0.00016836214590719933,0.00024450802970637646,0.003223313468574247,0.00750921542578316,0.018452273710039522,0.020942989716586147,0.02021470100011139,0.01663365887504825,0.018562008840234293,0.01617575199294153,0.01388448736339516,0.01559642468181585,0.01857152146429788,0.01830246118071712,0.01715534293272957,0.01940390145051583,0.01306601793765183,0.0098299426768191,0.007994097420207753,0.005489607854639998,0
4373,0.003445958110998973,0.0004184057484164397,0.0011472735912898921,0.0017669940619009685,0.005589413105261268,0.011791244923700305,0.01378452167169197,0.01781776732036887,0.027010710275951873,0.020792521291553512,0.01934998815242534,0.019723911286226484,0.009197502649972395,0.007173986148800694,0.010885697680314556,0.009992774414872967,0.012268231538742621,0.012717761965320259,0.014226617407147833,0.01134782885411147,0.006578707747358886,0.006425431075038327,0.006859407720673704,0.003766565206702915,0
4374,0.0021774396647849443,0.0005627131101769031,0.0016809735121456424,0.002213177511390227,0.00595613755051326,0.01156069741752045,0.013842058969160381,0.01932799327658028,0.02692395526632083,0.01886009915216119,0.021011195127669698,0.02052063146848676,0.005214735207309945,0.004184419228945628,0.006897645802167691,0.006245251196585882,0.004711394492517249,0.0063959509138554246,0.008127285165608157,0.005379966572261243,0.0030070776878243556,0.0037311479975283487,0.0026021388679820087,0.002736569865769314,0
4375,0.0024584632588095868,0.0005307599785156502,0.0016461728341189315,0.002050226342563922,0.005186061776552663,0.009641342261074964,0.01154535327529641,0.017536288954871887,0.025263232419162816,0.017768817239778165,0.020645394982411247,0.0198833310548788,0.005752390426283091,0.005056685457258718,0.0076812463329637625,0.007308121389330252,0.005670218236757759,0.007156220830676143,0.008440354225082979,0.00617537646896159,0.003180271580637608,0.003880464417797261,0.002836145310779818,0.0027351259885249907,0
4376,0.006827823883608452,0.0008444966988061005,0.0017207472192797152,0.00025810928038740434,0.0014423108873438323,0.0028929158317227274,0.002886118073095183,0.008700174243035118,0.01817779205819981,0.018471691464223127,0.02104830098203258,0.017935876977892527,0.018796216445589688,0.015099515383447561,0.021157748993496105,0.019754247416955466,0.01750908414903217,0.01594846111017994,0.012514310276373583,0.0141388643791667,0.013187521710049513,0.010767124900976744,0.008588928263770168,0.00526710591043498,0
4377,0.006973964137694087,0.001263091894712364,0.0020366626586767957,0.00021679782976609575,0.0013136408067339186,0.0025427638725841564,0.0031126285672130167,0.010434946668923797,0.020219777679017958,0.022117623742318387,0.024823108183487885,0.02227208858800656,0.02279963305853888,0.018117455082967807,0.02598121560238037,0.02462074958770783,0.02230321531350194,0.018661768673832714,0.015143304750489858,0.017315163055703662,0.01697936380106347,0.013668694443468694,0.01065054029928686,0.0064854465562470725,0
4378,0.0045533406461493,0.001443143053495664,0.0022670445297762356,0.00021679782976609575,0.0009192982915926288,0.002046826572314065,0.003099626265865045,0.011560365659196416,0.023527609817609183,0.02717282203625337,0.029344415134067863,0.03026905118332962,0.0285621798788002,0.024231695580504527,0.033563866591065264,0.031001164143210642,0.029451346829245516,0.02317444298820241,0.01932792246571918,0.02221982037845824,0.019363599794841004,0.01629873338403426,0.011326626753633637,0.007047524852309279,0
4379,0.0034959093519286023,0.0012573997657442284,0.0016221358116823993,0.000216756460599182,0.0005419150030989747,0.0017427706678507322,0.0038588850938661937,0.008252609471416381,0.027427534809123164,0.03242517363338552,0.03887719549517516,0.03169553137640185,0.02793877494645296,0.029760638345818283,0.03567498430861717,0.03708959421031355,0.03863252014164621,0.027866624952229677,0.020628647009612845,0.02189210208754739,0.019822177746546994,0.014058563780777711,0.011805611321160469,0.00491667798499193,1
4380,0.004081841688412149,0.0013083322752044393,0.0012771013840197753,6.699613683079152e-05,0.0002538592607311667,0.0007679679479647868,0.00351569757678791,0.007454174957348597,0.02329599648792209,0.02487503042026434,0.03306037572819135,0.024193210961411866,0.02202872332118134,0.024015379026728702,0.02353591067346747,0.0269329618254353,0.03102565499025689,0.028526976778536623,0.016624570952029384,0.018734160385561412,0.017071379989178962,0.01417543061771811,0.00894088788279591,0.003693796531957893,0
4381,0.004327137969535722,0.001248243955976605,0.001128374846069584,3.244755249087612e-05,0.00012499587792748844,0.00032145456912198716,0.002837906908439428,0.007707853121625634,0.02015507560795182,0.018515944195199297,0.02451256830084961,0.018918829281886807,0.01948642542704954,0.018352622005590763,0.01509583222064863,0.017994970446335475,0.023668894495394412,0.025273499568981478,0.014947820020050705,0.017682460419054746,0.01465728419774397,0.01349752452157413,0.006962105080153671,0.0035308743719747273,1
4382,0.0028350621315116134,0.0009926167514164896,0.0005764314764540112,7.783988487125603e-05,0.000118102086982325,0.0001923437279251394,0.002504998874081711,0.006348280563178894,0.01751187850954391,0.016632041673197116,0.01975817250169544,0.015958182055625124,0.017901452709400675,0.015933075784415766,0.012633585234070528,0.013521509816541018,0.018091456864503502,0.01499868655505272,0.012626782017322806,0.015134839109893973,0.009787548362416649,0.007306092947121959,0.004846758384587692,0.0034580938648915813,0
4473,0.0021940171537127647,0.0004810237500256541,0.0008700508485519408,0.0009685892218360969,0.005203894537480324,0.011972181859752358,0.012888158992836922,0.014784355090855955,0.023175221370818438,0.01890274629722836,0.016739598301761284,0.015883355486386315,0.010383994102847639,0.008131753961894377,0.0037924139384801383,0.0030934799993564033,0.002109308024114132,0.0024045667422505812,0.0023502214025866277,0.001602094871412993,0.001574104747553913,0.0014125884841035396,0.0008663546343801839,0.0008418288711769578,1
4474,0.0010485583133688784,0.0003276188921410357,0.0009441542490359677,0.0013982319005152086,0.005723904031436738,0.01230466842802849,0.01348868523725443,0.015241072791403331,0.021395648038666445,0.015447639886829614,0.014853586069453546,0.01328073079761781,0.003647917203564051,0.0026326543549609347,0.004154641533502624,0.003925130450489441,0.00261059965995564,0.0035741051226851777,0.004051126761753392,0.0026362471288563388,0.0018316065976450174,0.0020224152532731317,0.001347826255297491,0.0013568259918163446,0
4475,0.002405813643297789,0.0002509290404770303,0.0008399336361452482,0.0011354832376131467,0.005082912810402079,0.010926566483959118,0.011848287032292895,0.01342456371985259,0.01927538782855099,0.014435432215034684,0.013797048806294164,0.011835220622806867,0.004639258157712994,0.0033729592178222117,0.005239351538516478,0.004793046510513174,0.0031982325639209335,0.0040224321463776256,0.0040941737967887136,0.0031241167087540777,0.002577421263140276,0.0026288699833221236,0.0017564091903010204,0.001229078549358437,0
4476,0.010022399006841112,0.00017699007778195172,0.0009086715069825907,0.0002183446309778079,0.0015579033478627772,0.0026941338649741796,0.002416451021831479,0.005201094527814153,0.011832327384576768,0.012641190147720747,0.01439545801984701,0.011040305374107502,0.01311826981028928,0.010594048357584842,0.015328056511186046,0.013723849436235721,0.011415828069264687,0.011353428455330479,0.009794760766373154,0.010231422656134068,0.00925361240571455,0.008588904540565117,0.006277401290622294,0.001955904933415766,0
4477,0.011515648349940854,0.0005264451741650169,0.0016268377473557733,0.00022013276201175526,0.001268075845984736,0.0023430141924903145,0.0019941933481748136,0.006632274661554856,0.015270306858951678,0.01776690053861002,0.020099139615355883,0.017257945310212547,0.019284876648805058,0.01537796711513452,0.023357584194239316,0.02152061522674827,0.019816990020965142,0.018044630124041835,0.015306491214615093,0.015469160626342552,0.015541579174465725,0.013209857932774545,0.010045219451372754,0.003470904365213623,0
4478,0.006416538674199577,0.0007627540204139456,0.0026291817403159314,0.00021683020060044958,0.0009410312476103924,0.0022273439804046478,0.0020476356181933974,0.01050700151306909,0.02515683922394949,0.0346036900874478,0.03243351158022449,0.0408954796696211,0.037106082229793946,0.03416297871957485,0.04712174352371295,0.04382579539583859,0.04464172796125818,0.03351096219114407,0.029235040019508936,0.03168291550780556,0.02288071544788243,0.020588068888119274,0.013648323419726887,0.004688905618336548,0
4479,0.0027518552544262853,0.0009778163207147194,0.002133612935004905,0.00014132002958000387,0.0003968171788420418,0.001174077341532063,0.002472975578320749,0.009550092239075459,0.02660814256299507,0.037320884443470016,0.037492078742750484,0.04381193467251727,0.03754827729764637,0.0381810659517179,0.047918966335923525,0.04542116131597145,0.047639768506262496,0.03423028161888378,0.028764699896591306,0.03196690405013348,0.0213505227015995,0.01882260079877551,0.011850203156531904,0.00416411329889379,0
4480,0.0018296538036428553,0.0011499076968423257,0.0003828779601533331,0.0,0.00012918606101738157,0.00012499587792748844,0.0034012211687693018,0.004255989076258012,0.019316014406616087,0.024620162013931968,0.033271991915920826,0.022366200694470557,0.018594373921932774,0.024442939622210114,0.02269111075197624,0.024528893685957773,0.02666461498976711,0.01929068110127468,0.012301253633843724,0.014424463854793571,0.01061010640561809,0.006646966018492493,0.005475042024477921,0.002404305144251239,0
4481,0.001235621531123697,0.002394276686288854,0.0006596374844963694,9.498420058524199e-07,0.00017682623730475884,0.0001259457199333409,0.0018721084575813991,0.004972800750718456,0.011882859134252447,0.018557195210541198,0.023221687857938763,0.019698830652244405,0.016774409444634878,0.01679114253360831,0.016474534646320278,0.012996409677949001,0.01752842633077086,0.01930960909509455,0.010248242204026578,0.011264349472082845,0.007588692066088086,0.00624227035708869,0.005112212132843104,0.002912429996549999,0
4482,0.0017127379081917937,0.002003460963186654,0.0006560257773400262,2.598772052782492e-05,0.0002047645225881159,0.00015098359845531337,0.001968176515512273,0.005485644700153719,0.013343973047559087,0.01765338240316043,0.020543786881769638,0.01761336763947648,0.016667336867675055,0.015373539404144465,0.014244239770928825,0.011651039556155696,0.016344148388300096,0.01770966706926119,0.011460765846576201,0.012187732086396437,0.007864443082700219,0.006188989051755906,0.005161789607074122,0.0031390895642589094,0
4573,0.00041380456523688923,0.00019208570071065935,0.0003217377256490383,0.0006606152253001267,0.004924617703197206,0.011613909496761127,0.011918824961881739,0.011391136353761985,0.01672361795100516,0.01339101400387147,0.010871813261756142,0.008135599571067288,0.003980493670785234,0.003184972116321893,0.0029565563832368593,0.0033873670252447126,0.0021517184725608355,0.0021562197282942305,0.0015907198037279097,0.0014907676776024438,0.0017703054033452118,0.0015663789767387927,0.0006978407772083992,0.0008919368395659454,1
4574,9.926829617541504e-05,0.00011769203782239507,0.00030640865916604085,0.0006581180791362757,0.00506783846394998,0.011835089978864814,0.01207397396480829,0.01094901391300829,0.01572624276874386,0.011732809968105445,0.009034693078610982,0.006634508186316838,0.002191677485053331,0.0012945249268440154,0.0017464196594240147,0.0019214527600286717,0.000848927221270259,0.0011831529497301166,0.0006366430277135481,0.00036942856569999774,0.0008034766931229261,0.0005699727177513414,0.0003112982966639327,0.00019990328584778042,0
4575,0.00029966200379688627,0.00011590666189448326,0.000140647693566071,0.0005547606984043677,0.002827967868895158,0.006622717910941474,0.007435672552501608,0.006677407687309468,0.010353276694318077,0.009293431937172022,0.007354896318468513,0.006332541423007733,0.00315375831988084,0.003185357292817958,0.0032137453446323826,0.002464324914302439,0.0026609238288738428,0.003062892289074493,0.004137835145904101,0.00338896649163464,0.0023313024398350494,0.0017076893429659838,0.0011448830624631006,0.0005329309884389257,0
4576,0.00356709238326655,0.00011338444037293095,0.00018068451942165824,0.00038318745446322546,0.0009852109945400265,0.002012381138627556,0.0027898507485900944,0.002927466352956714,0.006909910120696955,0.008404043300197396,0.008311110805544952,0.007419866360541712,0.006689283297283135,0.006859869667238855,0.00753336136310339,0.0058122585850433365,0.006112234056180928,0.0069048116433535036,0.008312809129905452,0.007685034901326104,0.005152875866909851,0.004518542986254204,0.0031942588465248213,0.0010890391073184306,1
4577,0.005417069988393735,0.00011559353312733055,0.001118663748098991,0.00023565010699382573,0.0006584050675186847,0.0012871281268947634,0.0017138607510773785,0.00311496675860896,0.010201848974418903,0.010585643789503328,0.013317992407460944,0.013178221842984299,0.01184650041562613,0.013070291204624418,0.013454941792211666,0.011107647360854787,0.00914258513947997,0.014508893473013398,0.01274905136394876,0.013648095195203184,0.0073631188077787,0.0067649532014810295,0.005198304325261592,0.0016488403901380245,0
4578,0.0021759225918588847,0.000297534281739165,0.0021937528303219273,0.00022730459890838052,0.00037445175180171413,0.0012747015402616562,0.002098067978724077,0.005759001775320146,0.015936677023445003,0.017710914552468274,0.019647803370412723,0.02451205566769763,0.019602853093478728,0.021542790698061108,0.02376273787617391,0.020846790633118718,0.019037915555684605,0.023283277761588228,0.01961261916689733,0.021473730180243275,0.011158960695648654,0.0096638568053676,0.007165295162702127,0.002559051415557309,0
4579,0.002062635314817133,0.0007148639610427922,0.0016339797254166922,0.000121931457934707,0.0001454677869881717,0.0003963493098193773,0.002065068142324096,0.007264222666187741,0.018985664510019578,0.024433407213267214,0.026250664280051402,0.030589303537364273,0.025331234291534274,0.025914142640897028,0.02954024381543351,0.027257845460255784,0.028336713540895928,0.025096155438420042,0.019688722874793667,0.023088131728102573,0.01329596749426162,0.012079117857348765,0.007620062176994562,0.0025717317432536386,0
4580,0.0012073462167402915,0.0007710055874178493,0.00042719759602719557,1.986907543750299e-05,0.00016746923082518002,0.00015479949108374288,0.0019028943671107966,0.004055100383226863,0.013340600077962884,0.015438462582065608,0.019729665190578834,0.015065191608816466,0.012428039501637254,0.013552768920806561,0.012527290133066263,0.012103001674718407,0.014561343149304821,0.014681158204322938,0.008582962976195485,0.01014955085606268,0.00712029512823323,0.0044791363827328045,0.005003774926309469,0.0015242962578700919,0
4581,0.0009502032237252391,0.002351838236671107,0.0006598376120893685,0.0,0.00026775073304722327,0.00012499587792748844,0.0016809764438876274,0.004920086022065277,0.011305125542319371,0.018374862791993674,0.020988655107480342,0.018278435805244166,0.015635731726709505,0.014955735663691681,0.015180601142783457,0.010636526520605217,0.01509136808307272,0.01902166872312556,0.011061276980249566,0.010411930278736176,0.00680784164293535,0.005308860370617284,0.005574895371767481,0.0027463445724078047,0
4582,0.0008320698512001864,0.00188235642985036,0.0005820780953452097,0.0,0.0002648260266914292,0.00012499587792748844,0.0016733397817971579,0.005140980803569254,0.01235513169110257,0.018191843465093283,0.020734701005697267,0.0171575477133808,0.015067411555644328,0.01601928456239389,0.015366019161297057,0.01046418808167972,0.015191898467490078,0.018823912954341094,0.012803276744470592,0.011067500776635939,0.007979830497012142,0.005181917728121493,0.005493251371351422,0.002819356982513933,0
4673,0.0016853672519378455,0.0002842916897583154,4.58355891541751e-05,0.00023338168169112508,0.0013258075095137567,0.0025555863571944523,0.0036094658676742394,0.0048706146654025045,0.01076912601044086,0.01030934793071948,0.010841732135349025,0.009074709968276988,0.009492792350990877,0.008572061487358309,0.007826601138376103,0.007304764057030623,0.005592205946721211,0.0035133634163426043,0.005025665812370477,0.0035087858592349665,0.004000621154067251,0.003488831685546791,0.0028365825202344946,0.0006888647015257807,0
4674,0.0007487695959040543,0.00017221455676525094,0.00011961081297657114,0.0004660934113934967,0.002546810175666556,0.00580682718194981,0.006688962030617096,0.0064715089034232285,0.010887220130117758,0.00962904172271091,0.008381179578818372,0.007222231497889369,0.005160883710602908,0.0048411310325749985,0.004672990084660449,0.0038865114738719218,0.003384332771146499,0.003001189306991653,0.003975859430828564,0.0031826902372554962,0.002702696219830876,0.002093276568495275,0.0015739248234864214,0.0004584506698525173,0
4675,0.0004686792343166085,0.00011559353312733055,0.0,0.00046867923431660855,0.0009436635704405033,0.002240412842070285,0.0035371621137000662,0.0030684828793834575,0.005823812369017531,0.007248765377389214,0.005952016105759435,0.00609283004611591,0.003974315838980243,0.004789775672678843,0.004455605276911423,0.002921363837219695,0.004199197803427617,0.00466157193593694,0.007114256538840027,0.005952016105759434,0.0036275352395982504,0.002677566567350461,0.001855801631844575,0.0008154598336986001,0
4676,0.0004686792343166085,0.00011559353312733055,0.0,0.00046867923431660855,0.0009436635704405033,0.002275589844962395,0.0035371621137000662,0.003209190890951898,0.006245936403722853,0.007530181400526097,0.006409317143356867,0.006796370103958112,0.004255731862117124,0.005598846739197375,0.004877729311616745,0.003273133866140797,0.004480613826564498,0.005611351014023913,0.007536380573545348,0.006725910169385858,0.003979305268519352,0.0029589825904873424,0.0020316866463051253,0.0008506368365907102,1
4677,0.0012937088491351873,0.00011559353312733055,0.0017253471032354967,0.00025850058719388937,0.0003131276290723458,0.0011512178038839205,0.002260405257291453,0.003875196057435343,0.011697783104407332,0.01067851168399912,0.013858101562459065,0.016522728197327554,0.011770758814150357,0.015346317010639491,0.013494803698051162,0.01086706682803929,0.008410055798602357,0.017856831376127907,0.014773177277391365,0.016261392725571797,0.006666978467760117,0.005448543980010764,0.004591108705026504,0.0016774755195427492,1
4678,0.005082500752335257,0.00031673015213808526,0.00222218000063666,0.0006557187884653236,0.00023276288814423775,0.0013424971478836966,0.005181398654908664,0.011770659575197339,0.024402135108356895,0.021917669299410407,0.02227677977069133,0.02713044645379957,0.01989075913664226,0.022653684848380335,0.023273025687856465,0.022743047488061146,0.014570386869696573,0.026068694774421138,0.026029051004709404,0.025464271006252898,0.01395053673444024,0.014741912594566793,0.014071238341968956,0.007290064795283735,1
4679,0.007498935396762196,0.0009041526586550599,0.0026611696138899533,0.0008959427740340871,0.0001341631360997356,0.0014655504972700942,0.007129351075200626,0.01724442606439181,0.03379815312108913,0.029905610931001813,0.03060313024465436,0.03348867714867695,0.024953205371369917,0.026559078103287736,0.02711276275310898,0.030426931718495396,0.021073200687671732,0.031197784330676128,0.02835531266380222,0.029683259889102007,0.01961117301238862,0.019539937638054942,0.01808263327744059,0.009649474453209406,1
4680,0.0015569460089467982,0.0007057334746186218,0.000883068761167536,0.00025404056369253533,0.00020372555898988878,0.0005060567234662915,0.002151890943817808,0.00481412656153374,0.01571399901144791,0.015551109567493546,0.018936525554822267,0.015047280517971488,0.012604597575831997,0.012603180429270243,0.011256842442093873,0.011775653484609464,0.013622416119757239,0.016072184156523117,0.009923056142120022,0.011661828658073019,0.00808669245626804,0.004519285755374502,0.005719941412818652,0.0015997706553322801,0
4681,0.000741121315369583,0.0006427383668296886,0.00037498763378246544,0.0,0.00026775073304722327,0.00012499587792748844,0.0016580635376524835,0.004741473376921185,0.013817488088837666,0.01625385761565027,0.018445322515419173,0.013733597008058254,0.012166244728782825,0.014643565344837295,0.013204629760827334,0.009670277806748149,0.013319788004735192,0.015943269036668598,0.013013847785358777,0.010771777485957838,0.008410460344308075,0.004112441694667114,0.005421534379367289,0.0020209448768850505,0
4682,0.0006249793896374422,0.0006427383668296886,0.00037498763378246544,0.0,0.00026775073304722327,0.00012499587792748844,0.0016665617273396913,0.0052655284076602036,0.01459365608030415,0.017146167532848894,0.01938862157074105,0.01402820091722176,0.012942412720249314,0.016889920152274338,0.01469464568606108,0.009905394388101198,0.014469876342459723,0.017243492058874103,0.015441497306136856,0.01187087668555912,0.009840988941731361,0.004503358420299575,0.005390374350507226,0.00253650171793686,0
4773,0.0019246438821617139,0.0002779163668800206,1.2920166985844616e-05,0.0001389581834400103,0.0006094193962723977,0.0007206312511717407,0.0018729632142183352,0.0037134932342876978,0.009896448912080283,0.009843666826929883,0.01113027010780818,0.009467685312873036,0.010696507159736069,0.00953212990617398,0.00879072796900381,0.008427822863561089,0.006472268999454426,0.004178619245778105,0.005788914049668243,0.004223324271179245,0.004350658959100762,0.003768985891369032,0.0032745903391339336,0.0006255032166625229,0
4774,0.0015216204966392844,0.00029176713946635227,2.4707635784071547e-06,0.00022849592123850464,0.0006373727297078012,0.0009935158136162251,0.0021692706822919305,0.003384627928678114,0.009361547455256311,0.009864994229604627,0.010230582289663424,0.00863381367818281,0.009479633031538853,0.008562391813572951,0.008218761778059035,0.007161271308660364,0.006390001900115991,0.004984140965937201,0.006538327606656995,0.004595223717273632,0.004310436237410099,0.0037378314613465873,0.0030055122141796784,0.0007513480397579852,0
4775,0.000592430130186529,0.00032681306100158124,1.3986378567450694e-05,0.0004780634841292918,0.0007086739087382636,0.001760323632051624,0.0029798098981743916,0.003325334458545399,0.009651720575037078,0.011653446561266484,0.010055460747284207,0.008301397679845966,0.008108067774558027,0.0074972010160529266,0.00847133297848548,0.006318275172813666,0.008304009466135373,0.009662255989376237,0.010169068086975423,0.007972104943077618,0.005050091348920298,0.004407047578325497,0.0028849546981718948,0.0016888442502278023,0
4776,0.00210157990096139,0.0009599438413892127,0.00014034790596560923,0.0010988537484991573,0.0018758903022583263,0.001730832762846093,0.0033113718853019954,0.006562896929496712,0.0215960267290173,0.022648393120451523,0.023994682519527317,0.02015379805307228,0.018769487094561832,0.01989885435849073,0.02102740048750884,0.01806187574763825,0.022093206520829318,0.023334327588504622,0.02225141467548549,0.019170096951620724,0.014562156906341878,0.013184167835597005,0.009245613940831052,0.004999130452793569,0
4777,0.004384606031798521,0.001446940252950359,0.0004815297070633979,0.002901015076078016,0.003699244481098789,0.002365421386240745,0.004610614450575954,0.012547159282579805,0.03876895965209352,0.034670611662392437,0.04265727849361895,0.04324972674413083,0.030711829409543357,0.03519086337920991,0.03874397780711524,0.035342669306376716,0.037304930810675554,0.03794844807000366,0.03962739381890408,0.03758390692938377,0.029533740081944548,0.02456755878626674,0.01980098973402418,0.010189504257419416,1
4778,0.0059398499083057905,0.0008087845841462204,0.0011160797788565937,0.0018803726821418813,0.0015638012735934407,0.0018218711109968338,0.005399636736608625,0.015392346045106624,0.036895704607297124,0.03331997820566301,0.03544778940098113,0.03896314479922606,0.029217344307424585,0.02979415973005304,0.035949840032739794,0.03314232773957214,0.029462477457807373,0.035919578736034644,0.03811376314580681,0.034405649084878656,0.023634578689595512,0.023265521572062544,0.02083110905640568,0.011823427147400792,1
4779,0.005458776353458555,0.0007709049372031826,0.0013670426960465652,0.0010765408114906897,0.0006445164047413108,0.001524549174288424,0.004360751582131037,0.013069716726536177,0.029509983514276934,0.026150549024203346,0.027988839477893535,0.02914998289400882,0.02270029127084316,0.021907099401928542,0.026365646195612758,0.02489816655673855,0.02353741440193597,0.029347540672065228,0.02739250460790094,0.026033522760891877,0.0173583280802513,0.01869405348695503,0.015536994939786906,0.009597892984829113,1
4780,0.0017452443931636735,0.0007923452862165604,0.0006191962259808355,0.0005248741239925447,0.0004399097560713723,0.0007796813981593265,0.0017974669078001724,0.005420042560356086,0.016886553302784595,0.016583955122670267,0.020323610080052987,0.016889093409009955,0.013389792452336171,0.012842554779255246,0.013793695907398222,0.012460164352804195,0.016229006833715923,0.017783063630968408,0.011964162235029533,0.012727697391735836,0.009150331528043072,0.007106738801834718,0.006535614455095634,0.003511389860061422,1
4781,0.0009760935261301812,0.0006619589424064327,0.00036629646823339374,0.0,0.0002575107742549167,0.00012717529367903006,0.0016010118731704173,0.00489851235974563,0.014069412222745142,0.01655485966836739,0.01963929626571756,0.01469731917313127,0.012743654641064759,0.014960425583459579,0.013516518735948464,0.01154704440350188,0.013079165201037855,0.016542737044070742,0.013332529429563386,0.010784017504413481,0.009419256207649006,0.004878096854447088,0.0059722785609516845,0.003629379473474075,1
4782,0.001152955444081477,0.0004647226409064534,0.000241579199889439,0.0,0.00017539857893887482,0.00015844966965635631,0.0012334053266188426,0.004119027174819761,0.012285069985574144,0.013843764996105427,0.01846815233100808,0.014602362400589937,0.012520965248249966,0.013269538442881819,0.012242268919058094,0.012557584355667834,0.0109107010407412,0.014880633937678758,0.010333247290959278,0.009311450740796126,0.009071318768233916,0.0051814877984377216,0.006022024868481911,0.00542841638046894,1
4873,0.0033432400630850237,0.001438867652009378,0.0003226216647103943,0.0008949739234977493,0.0009030169963677497,0.0020242444360216343,0.003659149882746201,0.011776635914867923,0.02779266445266176,0.03389075013711878,0.038795930506869816,0.03215183959444277,0.030987070424068692,0.027601121625287786,0.025694401539243048,0.03051251804477398,0.02948741970801507,0.03088172419529547,0.02878864211581973,0.02964243746086757,0.019025581235567107,0.018081938554625223,0.014990086047819299,0.01179579360782132,0
4874,0.008131991220804928,0.001247666692610938,0.0005219990329600003,0.00046211131857291313,0.0007410983069349351,0.0009591250950210506,0.021882335214819984,0.20822695506930086,0.48265405074416107,0.25726993680742033,0.14515616211975413,0.13608849558987737,0.14649514898175536,0.2322529083151948,0.26605258691276723,0.1850323189442175,0.28656101560238384,0.5364056369666989,0.7134266151935622,0.44199024657591257,0.18481882045840406,0.09340030074984436,0.05326766377001742,0.037146170631275406,0
4875,0.0013317378342850353,0.0007333617343503435,8.02582721804448e-05,0.0005387342427784121,0.00024077481654133438,0.0005959188524741554,0.003051556065661744,0.017155451016743355,0.04760943939294974,0.03728195622599331,0.028287986670104015,0.022575520258688895,0.027122996245341292,0.028877850495582173,0.0353982394762873,0.026330667865943475,0.035459481272060264,0.054001073604400644,0.06238246395237282,0.04013652936940912,0.019767297728670297,0.013967417108260178,0.0092564001930337,0.006393524322158789,0
4876,0.0021054891093318625,0.0010855678055599633,0.00017196312048065263,0.0009692990428764358,0.0013502106530271913,0.0009104805253157775,0.002596250520696387,0.007488493795268833,0.026080926341303184,0.02877569737734253,0.028905290379849166,0.02285230072353605,0.025009112360534224,0.023906046421100897,0.027321440249897463,0.02289653999293528,0.02738311878373988,0.03025451383700533,0.028065843430101392,0.021804807008358275,0.0157297965147842,0.014579675289551546,0.010829181980681234,0.006629215195548857,1
4877,0.004432964106222487,0.0015289896340966703,0.00034745252741963476,0.002963935666750743,0.0037515530211217163,0.002249489829409043,0.00456335008134168,0.013353076392888222,0.04125519132523858,0.03767080060614156,0.045437793115205766,0.045238248623760746,0.033461011362076465,0.037760965750830745,0.04184969213771022,0.03785859948560407,0.04045325169474687,0.04125592515165421,0.04288060338293331,0.03956486518707909,0.031060975262170328,0.02582935537583248,0.020979160114749065,0.01109010013894742,1
4878,0.0036580173139619697,0.000815914966336651,0.0003479335829566598,0.0019471280104695606,0.0018379926271869713,0.00194111231419087,0.002830215539703172,0.009951376978867926,0.03167209648141187,0.027420334696487508,0.03235526798640656,0.03282069814811391,0.02527766832479167,0.022967921037539526,0.03086266139335208,0.026038736386412985,0.02982079924364467,0.031842592868483954,0.031220546676605516,0.028870046010925604,0.020486302002200016,0.019459628890407775,0.015317306610726528,0.008907255365906622,1
4879,0.0031858940960263465,0.00056798602394735,0.0004100661313065314,0.0012268331380796858,0.0010477784487123222,0.0015813202324874718,0.0016860410698239998,0.00800825249089934,0.025257914985818867,0.021769551509808197,0.025290934037713025,0.023930326822480547,0.020748825271490696,0.01726101209919383,0.02445569807817988,0.019452866396198473,0.025509219292587978,0.027170705938522943,0.025800270693561486,0.02230876274105601,0.014710682652353936,0.01591883923700824,0.012184612707124412,0.008359726919517514,1
4880,0.003004990082545115,0.0007732531315259199,0.0005437989734995375,0.0008960154763041724,0.0008922683824529858,0.0014685213704192387,0.001534544773207412,0.006796635078400083,0.020785939335482468,0.017467539950490777,0.02246354458860938,0.02049281428768714,0.016510811488378983,0.013418370365836811,0.018816655808409778,0.015411011869316309,0.020905829658476767,0.02211651768808111,0.01635421916217576,0.01740660820184647,0.012552954722277543,0.013806334450030286,0.008659716989003294,0.006322118819882229,1
4881,0.0016511500877199009,0.00031802825472059736,0.00010699287572939806,6.768655042750348e-05,0.00015368477067800843,0.00026987249847391156,0.0008648115602860482,0.0030639626969288605,0.010740494850176339,0.011425497759240953,0.01801601210452736,0.015470046704508527,0.012493206736551842,0.010134322466395099,0.010955542949911915,0.015188363619248422,0.007838693125657603,0.013007351774285551,0.006400543122386973,0.007293423338311501,0.008471754554914227,0.006012333792382329,0.006868185619104709,0.008067005262182134,0
4882,0.0015763025235155585,0.0002292421281696073,5.152690036825998e-05,0.0,0.00010305380073651995,0.0002061076014730399,0.0007455478904111289,0.00268461223362235,0.009823657614787554,0.010389342706098975,0.017217153167936778,0.014882609867083259,0.012159133998341258,0.009670084050563474,0.010261051239869822,0.014923724749360009,0.006857061864029159,0.01221802188448071,0.005315549995578081,0.006600612229107815,0.008130675320908462,0.005664759899827245,0.006713204208592108,0.008217955580719605,1
4973,0.005714020789866697,0.0041353530101951,0.0005233148527989198,0.004420470380715217,0.0014841097073316095,0.005797124107449546,0.00861910592135106,0.02987969658309378,0.06949169076308127,0.09345852985107127,0.10061669210853189,0.08356343162511344,0.07508707010295429,0.06951431819097673,0.06500969891428106,0.07368039987276342,0.07536648942575144,0.08422470278912209,0.08847577520983897,0.08459463332103018,0.06355874879060061,0.061543755615154516,0.05041735196738417,0.038395777584685785,1
4974,0.003939583906414592,0.0016244471957172638,0.0009170359914630208,0.0010623356207279087,0.0009516430283204729,0.001286348377915249,0.004066810341314906,0.011874714261387864,0.017853160987021385,0.030877655041942172,0.028534840625865133,0.020741703361218094,0.024529187982941833,0.01963265556329222,0.018407635200933022,0.01961883354287009,0.02136374142759038,0.023196461626295833,0.022371734782342147,0.021093961722358764,0.0174798864205498,0.013434703639044424,0.01480153805683851,0.013575208529694587,1
4975,0.001302731671057964,0.0007365849947066043,0.0002456623168516218,0.0005401470280309778,0.00035821897358719897,0.0005557511505701979,0.0019833968293451894,0.005559785642156441,0.017129499753869133,0.021409514364625792,0.01944574761732893,0.014967059254346486,0.018113031818927816,0.014970132481288805,0.01755908751233181,0.015041619507433155,0.017567723269522148,0.02009148683544682,0.019248102050422888,0.014009375228779715,0.009269597284300208,0.007998398499021694,0.00691235883077526,0.0052098324750319384,1
4976,0.0010489441762680765,0.0006865984484547896,9.756772754565604e-05,0.0005692349190447591,0.0003716244802037643,0.0005495956130943015,0.0018364498891764445,0.0051334893112724685,0.01894724562557257,0.021852509751927346,0.02023619790926525,0.015655712736267997,0.018759516405957005,0.01597354686272216,0.019508929276746523,0.016043822861201616,0.01897882068805038,0.021807452209776756,0.020781775702429593,0.014751215429726692,0.009522244923620596,0.00883422936342748,0.006946414626222238,0.004642176375876659,1
4977,0.003761764532206828,0.0015001373561390624,0.00030220010284110794,0.001922381465160764,0.0029746252794657637,0.0015912702368941645,0.0037405923357771214,0.011225535400049877,0.03609985478598613,0.03596500387020772,0.04044783181508776,0.03582250633880361,0.03211131298577542,0.0344689155424138,0.037457985286052015,0.03292123514914401,0.037944374727724196,0.039624838757253346,0.03854666806752096,0.033227423234499065,0.02562475049535153,0.022778585249515586,0.017416592915542147,0.009578319170683962,1
4978,0.003336917369164461,0.0006205797641274694,0.00037046320728539183,0.0014378792246449391,0.0012312598627048275,0.001701034231054797,0.002062514707756205,0.008591496032039356,0.02751114287153394,0.023761089770117667,0.027512249731658982,0.02688049154327363,0.022420122291210588,0.01871044054618464,0.02665990739728508,0.02156614063303873,0.026747992968356255,0.02881121737578522,0.02747672171608089,0.024459559447623916,0.016433012749717542,0.0170822277762912,0.013164447585239084,0.008396498171864681,1
4979,0.003176008939612781,0.0005501956802843349,0.00039742294059432197,0.0012342889419995262,0.0010500917830218919,0.0015836382501375763,0.001675864804084108,0.007990118776024398,0.025299561814463533,0.021789105324635096,0.025273768805974234,0.023963545212426815,0.02084963540813239,0.01733160870978457,0.024606673850159928,0.01951706775578888,0.0255296202515739,0.027218084160748637,0.0259865304006258,0.02238361050505562,0.014723254102678683,0.015934774356986963,0.012269502624703024,0.008419765683225394,1
4980,0.0019647568568803195,0.00042639880767425347,0.00028802981636087666,0.0009523617804426627,0.0006387995703610947,0.0012551727552522751,0.001200504248509228,0.0052212923489800295,0.016147808839553388,0.014213851315483321,0.01857517335312871,0.01839439714445896,0.015460308471029659,0.012659453013085391,0.0179844755303414,0.013160422093142244,0.016150001646613156,0.016611334626091337,0.013976860024856097,0.013974286420470019,0.009219727097922802,0.009522737269929233,0.006648714079520524,0.0056135056810825874,1
4981,0.0007468753404342723,7.622390000022999e-05,5.152690036825998e-05,0.00010027898530584305,0.00010305380073651995,0.0002061076014730399,0.0007922879704847325,0.0024041197195125885,0.005336941287077043,0.006793540446770186,0.010418716610434371,0.011733410406805606,0.01031201405597029,0.007971634531977504,0.010108728606732873,0.007469677238630593,0.0051742108467068655,0.005978572894300707,0.004346650200976549,0.005633311759243694,0.0030502850950992256,0.002481324278601121,0.0021909464640191482,0.0021127797016386235,1
4982,0.00035328053312972193,0.00019650681860562157,5.152690036825998e-05,5.1965246632147e-07,0.00010305380073651995,0.0002061076014730399,0.0005934496203123813,0.0014324925009367787,0.005063109630232202,0.004606341808272274,0.008051322808370913,0.007322979621353054,0.00653016405701648,0.006295049375819135,0.006019299489217132,0.004823254355888319,0.003673762174471841,0.004536722262808353,0.0025045157276778356,0.00403038249214238,0.0031336259486109794,0.002296772554069301,0.0023529800830609225,0.002060756574832651,1
5073,0.03382939956701388,0.013443323632800404,0.004833982403326062,0.0033091062924534963,0.001974089730259226,0.0024911277805890275,0.01462740817218351,0.04108444073640468,0.08736202405607632,0.11601822991671147,0.0990513664566445,0.09551029967460581,0.09459607986484064,0.09339472610304188,0.1105707680503151,0.11124803932560143,0.11596215259532595,0.10292134274165353,0.10968701862615578,0.10988558033991631,0.08705519634303051,0.08681861933655172,0.06522926486440246,0.053803771924700386,1
5074,0.005564623415541107,0.0018234107944153273,0.001053952940305915,0.0031362167668547297,0.007915852212330949,0.004978847058921045,0.004839544596493306,0.014681645742939509,0.031077961223449142,0.04137446996752885,0.043796032637579044,0.031130004956878055,0.03664595594119714,0.032646787820210424,0.02885882726425279,0.03591622467033708,0.036245859216241134,0.03642913615960999,0.03410001547967892,0.03892538313401181,0.031460697246858495,0.026135309307892342,0.027316549267298956,0.014778452528858859,1
5075,0.0005032578849457377,0.00041631843924839823,0.0005379202953187278,0.0005636164688983833,0.0005519327134085534,0.00010272254979096161,0.0007293896117275635,0.003324934149993377,0.009908198573117482,0.012947027879366515,0.010194950434913086,0.012313175061271938,0.009968060821167265,0.008836333042028499,0.007197369359057701,0.009405331155947041,0.00967012955889352,0.010275053264051738,0.009950863523604761,0.012254455682670334,0.006266047633159577,0.006188856677344311,0.004844726257938244,0.0026167631859303534,1
5076,0.0004055941292054926,0.00036844361617543547,0.0004625801293442436,0.0005092272891506418,0.0003678845152172964,1.9087908913428132e-05,0.0006885600866718863,0.003149499283315757,0.009818519752396943,0.012232042577828542,0.009801391274198901,0.011994864925894182,0.009677410080382929,0.008674548600446386,0.007319311629534201,0.009174508908257486,0.009506079738004396,0.009965370194755439,0.010391596775166805,0.011723406754839325,0.005847547762255828,0.005766504406010396,0.00466521059700002,0.0025362655275007846,1
5077,0.0012502008402406222,0.00057242780590196,0.00044809364334750965,0.0007255879705064151,0.0010712276342554937,0.00025474105473168615,0.001195641116559251,0.004846355312813611,0.014575637171580983,0.015903854354529946,0.01557305719178661,0.01669758171809723,0.013923415553601508,0.014411565931181558,0.012920594893942487,0.013946871053659772,0.01552246716631985,0.015508149772111027,0.016556594564686854,0.016390529445153772,0.010119386634566869,0.009576576474333381,0.007742231587100418,0.003993691782689736,0
5078,0.0022508253337942064,0.0003697471053886742,0.00037340370693059215,0.000620641377939273,0.0006044646769508279,0.0005019012882653731,0.0013092410839827143,0.006042689518968234,0.017452864528024695,0.018632333543769468,0.01932451303239328,0.021066099293047615,0.018592695597254124,0.015351392325119808,0.0182342980041779,0.01628601632718207,0.0170453424777826,0.018613030089577935,0.018071317809628548,0.016947213577205765,0.009957395934812681,0.01006841309042668,0.00858209108675046,0.004755920425805889,0
5079,0.0019365522420920773,0.0003405445999893332,0.00032251503263412874,0.000702636170464089,0.00046814734729203885,0.00047002337561366406,0.0013486122690823871,0.005858588101229349,0.01624515278689234,0.018353886538301275,0.019151354573127704,0.020826230418866477,0.01832451194367694,0.015837260856435605,0.018353076709071266,0.016042326232358285,0.015742704625503937,0.017076518225231072,0.0174854904034055,0.01528184967819944,0.00898548064792612,0.008050558064348652,0.007723916787362592,0.004885459145465939,1
5080,0.0018809323768602536,0.0005135354497933477,0.00024406851102600388,0.0006568679880644978,0.0002660558823958228,0.0005086312848266338,0.001065470217869944,0.004365496235243818,0.01194398168229695,0.015059771198136387,0.018651735370291116,0.020846897662179394,0.017937717658752423,0.01521382218508656,0.01740893835745105,0.014368006696699529,0.011637916307226125,0.011255499999644274,0.010324490092460517,0.00957859933621156,0.0069799137011226295,0.005144104909300355,0.004435743016954487,0.00360014710021298,1
5081,0.0008172989745270819,0.0001610070968230472,8.381022920657234e-05,0.00023220999492326914,0.0001310105329708039,0.0002117351869219136,0.0007948363230902416,0.002570503590349746,0.005275320673935916,0.006999412781214356,0.009783301574651456,0.011827190280260405,0.010432437107486996,0.008202289545091833,0.010481071538597248,0.006919853231875618,0.0053512013140581335,0.005571105287904203,0.004832333139491162,0.00592179181228371,0.0028919156886932675,0.002436393788522784,0.0017261899314793866,0.001405830222664733,0
5082,0.0003798212914332638,9.640143274472475e-05,5.152690036825998e-05,4.88477163590928e-05,0.00010305380073651995,0.0002061076014730399,0.0006655280953279672,0.001756923770413048,0.004283172873930838,0.004631254562337215,0.007349770717602884,0.007997019429860495,0.0072266220427420445,0.00638305466405407,0.00777536675789444,0.004349855829890195,0.003778198578376653,0.004040682710518172,0.0030260451723055767,0.004281457571019789,0.0022813582687443166,0.0019124197707000154,0.0013866416542794298,0.0010742012059590167,0
5173,0.019031514570522684,0.00623815761881753,0.008615826872750736,0.0035637122157396307,0.002032068614741209,0.0004215384157614305,0.01066645360000655,0.02747929396994917,0.06813207649925222,0.08202168430914791,0.0775271831873172,0.0750766636232768,0.08064415998920871,0.07926320990259735,0.07894298622987904,0.0889057285653884,0.08831402284344729,0.07459555199726997,0.07584452070036933,0.08002514383925498,0.07068904115151259,0.06339620727148859,0.04043134085181664,0.039221215736287195,1
5174,0.009137539824451537,0.0024271541550013316,0.003267595210112681,0.005483434848051949,0.016863868188692975,0.00893974886448966,0.007168978137387778,0.018361872280162204,0.05403261796983493,0.05734734279010229,0.07065859847070555,0.05154029269722897,0.06183472644840976,0.05948869641393213,0.04974987779167631,0.06653883651349056,0.06708107801438988,0.059921073143891085,0.05393559736445956,0.06641266586927153,0.05358837622630491,0.045484286518240706,0.04299449404900279,0.020889891004779334,1
5175,0.004196427079686486,0.0012924825060244079,0.0006539522998639891,0.0029649913600460686,0.009691600092112045,0.005267697034801296,0.0031794391570236055,0.00904093358245394,0.028201232980336194,0.02990783818730897,0.035314967867940646,0.026530477742948633,0.03023851203539136,0.027573086753046917,0.023048775643386414,0.0322579497250276,0.031980919807964775,0.031010823876572925,0.027896110041061233,0.03578339828686786,0.02518401334141199,0.02258568160810936,0.023919781865204565,0.008841719733911154,1
5176,0.0003988706020247894,0.0003880590981387973,0.0005122380095433267,0.000516118600524629,0.00038417850715749514,0.0,0.0006549896067964528,0.003176687855859979,0.009741546773000074,0.012538207466994989,0.009737043480225336,0.012142242806672901,0.009554511323880585,0.008473486978190227,0.006924508474822904,0.009079418686034452,0.009288203517016364,0.00988131123537646,0.00969747048839819,0.011920074471457211,0.005885755495397912,0.005976046924293116,0.0045641345088611,0.0024443571837457516,0
5177,0.0006669053694256011,0.0010816780952284644,0.00046323844854952243,0.0004711820844444957,0.0003474288364121418,0.0,0.0008805482192896489,0.0047014978349542436,0.012389173509225894,0.015423910847331574,0.013204025706272382,0.01427978687435269,0.01162144575621407,0.009988331682207346,0.008951052764396096,0.011390239912873976,0.010667596217192621,0.011365467607695742,0.012008270026104084,0.013002592520063224,0.0073989187941192105,0.0068692477530728985,0.005472517484444059,0.002548569021813945,0
5178,0.0017008933958993539,0.00042447684355493334,0.0005375226313143336,0.00045771469557967244,0.0004937911582285448,0.00011156822737574697,0.0009761354849599856,0.0048161470806385755,0.01350466486730986,0.017286586403160806,0.015264393804966886,0.01806772682458095,0.015218902938214202,0.012957245494542477,0.012986572210475465,0.013270845808274409,0.012376732908805414,0.014551117958579291,0.011842449262377134,0.014518194301835175,0.008143638558131437,0.008264398912238333,0.006485886588456242,0.003386010748422906,0
5179,0.0019528268196879804,0.0005989768401337316,0.00047307739949385566,0.0007002200509698381,0.00038290288782659806,2.3650275438544357e-05,0.0009737827814799678,0.004897859305624486,0.01225567071928088,0.01705240708798773,0.015526348848947408,0.019378119136684656,0.01617992971662475,0.013945527509575228,0.014313986904942422,0.013799649288240597,0.011137474293265724,0.012953131467477612,0.011549154773217468,0.0128951277410832,0.007798913069529289,0.00678723730589749,0.0054074384405789055,0.0033178402953564995,1
5180,0.00243434611633195,0.0011021339844923899,0.0003637435574884294,0.0012264366537286355,0.0003728467705507255,0.00024208841098941915,0.0007805732611015157,0.00440420645548944,0.010591020099347934,0.01370983416553965,0.013534766050239783,0.017190119659742136,0.013892206489833954,0.012482333291964857,0.013922176399942662,0.01210384866619072,0.00961575763744377,0.010656073387201098,0.01047811513759728,0.009831226137412516,0.00831958854196294,0.006398082247920637,0.0036332913442626035,0.0036235987857749586,1
5181,0.002145393113016268,0.0008507800182971286,0.00027532215242566935,0.0008530728245849677,0.00029285449020229894,0.00010904301436265643,0.0007516340838049001,0.0038262636226462695,0.008799841310727653,0.011742536722603952,0.012044224014498082,0.01550583538761705,0.013022427571835603,0.0112874064245698,0.01257485359349384,0.010628120183395833,0.008003268256406936,0.009025041680669966,0.008603471900246186,0.008539407574716485,0.006809705877676757,0.0053410159602610046,0.0030626581309353847,0.0025902998779070807,1
5182,0.0003869601520483115,0.00010335024229644397,6.717201942889644e-05,6.590167033876666e-05,0.0001162549274240193,0.00019949682786039933,0.0005813375204339213,0.001596896567395399,0.0038919041462781518,0.0037813350589544974,0.005548415329645895,0.005897022757869977,0.005315375796847143,0.005396678294769137,0.007412731611246062,0.0031309363585739543,0.0030447185334313933,0.0037228577595643103,0.002748921076814445,0.0035825184884995865,0.002465581006265977,0.0021717946935880233,0.0010032787642382795,0.0010196339402309504,1
