cellid,internet0,internet1,internet2,internet3,internet4,internet5,internet6,internet7,internet8,internet9,internet10,internet11,internet12,internet13,internet14,internet15,internet16,internet17,internet18,internet19,internet20,internet21,internet22,internet23,h/w
4273,0.03358900818641232,0.030605292704042185,0.027940134701742746,0.024972724709863666,0.0264234030909593,0.026089413040294628,0.03235506017953483,0.043600047070173106,0.05773170940331562,0.047753081279066904,0.04538983445224624,0.043249697913979424,0.042343061028149775,0.04507683063111044,0.0884784652420849,0.09994564628378019,0.1125891628938223,0.11860362105985306,0.13372773749530123,0.13210976565066726,0.08043626784328119,0.07449601524719485,0.04685032335364701,0.04441612946560974,1
4274,0.02273409603944828,0.022926195168106,0.015245691588662064,0.016408167314915772,0.018654464086760365,0.022368016802163063,0.03414457791499623,0.0539609103830346,0.07749800840195943,0.0691476149196649,0.062494203103442544,0.05403311897009309,0.054916958249893844,0.05130034048363337,0.05493249756836555,0.05261023888931923,0.062153294687251934,0.10550266119134369,0.09416012529355305,0.06656694312945194,0.04391608478250103,0.03238508503364738,0.03381355269834411,0.022661288243454914,0
4275,0.02690281016413139,0.026439367219299,0.018754372174642608,0.019425121135665194,0.02131136973983295,0.025465984318817955,0.037486071409345886,0.05825320880289612,0.08410104889365506,0.07459125231677312,0.06629889709062911,0.05746033990989903,0.05920018240452397,0.057080780496684067,0.057683478102193673,0.054695793896317346,0.06297632480195017,0.10823733518711458,0.09578861613463263,0.06673010161707517,0.04721217734836641,0.03450565083490809,0.03757112260765407,0.025596045966323866,0
4276,0.02793437595043944,0.03023622200754714,0.026244611096828685,0.026579634888270944,0.027691740240105303,0.026780020611713435,0.02845944883684956,0.037386712168402135,0.03983762182162074,0.03573109936967222,0.03589498407287855,0.04349947707787847,0.03682838061031905,0.04170771971455557,0.0419264054226778,0.0366675564253359,0.041275186428293045,0.04229034141781349,0.04485936698523577,0.04450253245509843,0.04070731541109987,0.03939408625390636,0.049294027234011,0.04572113160585725,1
4277,0.02965839505011729,0.033166017388898045,0.028195008239078886,0.02923535224404684,0.030371664103226472,0.029041230479721757,0.0302592188526216,0.039524038021584176,0.03950363938742457,0.03636540584511575,0.03847249048009402,0.04784856623176895,0.03911558713867387,0.04420800436829819,0.044314615582193524,0.037368860156703355,0.04360334130510275,0.04256333887136379,0.04613027163939685,0.04703658309172395,0.04323895311152053,0.043466685485373364,0.055448170978324114,0.05177384821397994,1
4278,0.02923141936875247,0.03239634488303897,0.027632356891853123,0.028582516955349798,0.02959026382909213,0.028339702072166108,0.029728191445313558,0.03886118132262336,0.038911560734821785,0.03580683817174047,0.03795895595907332,0.04666831514798883,0.03830128240033801,0.043244305920573683,0.04339296108047328,0.03674215752939661,0.042716185587647185,0.04183725386382512,0.04528605468327912,0.046210590802536144,0.04239667551517196,0.04267525202670955,0.05418012093503272,0.05031511666327605,1
4279,0.03653984082752805,0.028235871082870113,0.02415749888505769,0.024187818784583627,0.023519859750496645,0.0236658778503456,0.028094846322625044,0.037982540393932326,0.04138355887420442,0.03916814241147567,0.04121493767110117,0.043219633177581214,0.040868941747574064,0.04346981318409836,0.044692471642226735,0.04333560308340239,0.04844975450110264,0.048532829474942314,0.05033125784234542,0.04832813405841852,0.04593622483227044,0.06183920190174697,0.04639213193072312,0.03983643070039319,1
4280,0.05432195006572755,0.03691335795034314,0.029942204570517997,0.029442923416891236,0.027863453308874984,0.027788040306782613,0.03440896457341424,0.0468482400605783,0.05066922344030685,0.044329776201189004,0.042928789698612815,0.04308376565572062,0.04213883548307569,0.04044758909158971,0.04793843107407561,0.04782294692854414,0.0589728179826127,0.05932737737552087,0.06490291571167277,0.06482445206648614,0.06387544057947538,0.1041554699243003,0.05926108496256755,0.05101481502830105,1
4281,0.04484280203389514,0.03227998692669551,0.025862583569703935,0.02516304038067063,0.02435076158315657,0.024729587273805725,0.03056295864992191,0.04231941115071132,0.04710187982564583,0.04295336291438266,0.0422612342993383,0.04177851201313064,0.0426443074698505,0.04016838258156828,0.04647126568613922,0.04536152025245584,0.052992878472673866,0.05467220505457693,0.05865062860249234,0.057101174470393305,0.05398817308088821,0.08314898572178765,0.050442663540202944,0.04398783070923736,1
4282,0.01583981381877163,0.015523199595471255,0.01244542421850512,0.012115018025397741,0.012899192188043786,0.014404602160011694,0.01744327153169674,0.02494013392201188,0.030010517568098482,0.032023459756831886,0.03406429263097275,0.032359417544022384,0.0352356192200547,0.03326913447918546,0.03961860713764185,0.034756054303312175,0.033079735351346666,0.03557879485305402,0.03263320752578038,0.031212658512518532,0.025464998470428643,0.023948088523829427,0.022892957728474644,0.02188292536144174,0
4373,0.02935925150426163,0.02576943603410288,0.021286119237889152,0.021036587369313225,0.02318568953908633,0.0250009497032394,0.03397124654658043,0.04936323495162218,0.06698226231478249,0.05559465339458678,0.0435623090769707,0.039021718795637685,0.037181297902979006,0.03981669553530324,0.05666671904641838,0.05541693253567415,0.06789392025113719,0.10055579402634836,0.09639984347784422,0.0851007908654321,0.05186332074428041,0.04221446130004016,0.03320879735194674,0.02691312930454914,0
4374,0.024034143833940896,0.020192517724356148,0.01478876279981706,0.01732562860851006,0.01979050454560859,0.024722853412542014,0.037259236826554,0.05697902724176344,0.07908666029413175,0.06617799850842161,0.044067710678476486,0.035437021235705836,0.03418041152975024,0.036110058512976856,0.03921152184810599,0.0278318839218644,0.04227262150320078,0.1023625718947714,0.08152241262410004,0.05939300909745647,0.03761609926105296,0.023787670319671675,0.02945068107952047,0.018272256052945215,0
4375,0.02480093240301179,0.020760004618849345,0.015552154210680557,0.017835702051704004,0.02028225379683079,0.025048129671097392,0.03745603008673487,0.05711625419954273,0.07918344699309648,0.06590750094744884,0.044593309748365555,0.03606324502869864,0.035275935215254246,0.03706691501856013,0.03987399650710595,0.029384764951945832,0.042867549739871204,0.10124335118346621,0.0808089705217695,0.05930778244836803,0.038328092499333534,0.024133192867029033,0.02986518526470165,0.018859642057794827,0
4376,0.031071693194579558,0.028740761306625742,0.024843583777754065,0.025267821399867385,0.025748100636501646,0.02518275884395367,0.027721713281215976,0.04075279861925787,0.04313015533636838,0.0389399930676491,0.0390140113330971,0.04148025505544863,0.04122741959724452,0.044942343453226605,0.04400749553127953,0.03958202869582278,0.041844825050976926,0.045678068957976575,0.04578433416104274,0.04319213835954854,0.04216841496813679,0.03561082940982143,0.043115088702539696,0.038799264659365236,0
4377,0.033185891551183004,0.03186841059682856,0.027758475694572536,0.028317045172985205,0.02862759638853037,0.02799834251816873,0.030067558930265206,0.042626472414614716,0.04438445351788389,0.04052867964336822,0.04183611716698774,0.045676827568566995,0.043685739511929285,0.047998230308126576,0.04745578542054526,0.04229719630070098,0.045140925379217704,0.047123825782526434,0.04850482679811426,0.046607330129388266,0.04544867098926328,0.0403790050859517,0.048392673434005204,0.043976504286121466,0
4378,0.03209471661101602,0.03282897353040603,0.028321520258215875,0.028871831562967982,0.029316245478873678,0.028869329211079535,0.030754475455613328,0.04136244669016685,0.05041360186498381,0.05215865944268148,0.06480270625915817,0.07529482990257261,0.06911252086217692,0.07445716515013619,0.07150771826359333,0.07175026561017864,0.07031616960819367,0.0627886276765489,0.05633869848912767,0.0518200180174231,0.049582948058814566,0.04857479867080724,0.05631508062592882,0.0618560726888301,0
4379,0.025613047706988933,0.019282128936695984,0.017215608645931028,0.017773338141549494,0.01796113110368163,0.01925363188254955,0.02239528652591694,0.030933336757023158,0.040920838701785735,0.048465892080148364,0.06020702997872491,0.06584045919502086,0.0653580947998284,0.07380483440747689,0.06393426711886589,0.06770431188619794,0.0622652183717545,0.05881852430323697,0.051180601116022933,0.03908724359606462,0.03644617956269264,0.036691388070111325,0.03373518212752698,0.03329437963543278,1
4380,0.033801720748062786,0.023028944172402855,0.019490612883853797,0.019612539074551384,0.01919176843102194,0.019796348261437967,0.022201789894632413,0.03193011547740447,0.03734684384207109,0.04050705115794669,0.043844009205295895,0.04575776332186821,0.04660571572909862,0.05037284480956245,0.04760507184974024,0.04905925448466067,0.051231437038611466,0.050230077118773524,0.04922358659158967,0.04259371351093028,0.04050118819460382,0.05603907596501422,0.037156171144818485,0.03210599378482881,0
4381,0.032183062219639146,0.023603933387805684,0.020270232410519475,0.02025467984450061,0.01993517083811039,0.02026110388310304,0.02206721653817934,0.03163566105964706,0.035399964430350754,0.03558063782574275,0.03560581844711376,0.03434171274499827,0.035465785721368145,0.03360240922861378,0.04182699150759157,0.039315574765822356,0.043164335244415465,0.04327431179944706,0.043006860933008116,0.042589766317466006,0.040007723828365385,0.05673812491933915,0.03622235662024242,0.032947239313111124,1
4382,0.012986584009492609,0.01230674728953181,0.011422208301684531,0.011621656461848973,0.01242961254793793,0.013381992468660746,0.013885568252784222,0.020505727679675203,0.024471722697255414,0.02773521634792665,0.02909583776114105,0.026514453891837163,0.028293208968091406,0.026573558655352013,0.03704263378940386,0.031283012111524615,0.029242534774559698,0.030687043957832758,0.02607765997734491,0.026527182240821033,0.021987115726437845,0.01912817713370949,0.018636977502040842,0.018897790838091594,0
4473,0.03171295689826039,0.028060117997078186,0.02186357590096249,0.020108741756231875,0.022000693197311683,0.01961535117208267,0.023666425656852678,0.03453111871325427,0.046614348429050684,0.04123314840896928,0.03636282513492308,0.03503990395168491,0.03033890259329472,0.03439414104533763,0.016489113386287415,0.009764213316280346,0.01129754548149871,0.022591055605727592,0.01827641112525732,0.01363965434688134,0.00884150985300668,0.005909362632367391,0.0068244907918786546,0.004607763460649238,1
4474,0.011536523049070236,0.009632939201589535,0.007534610556780331,0.009064140177475028,0.0108127432683268,0.012927043530812575,0.019449163011973424,0.029111214522804026,0.038652076440640164,0.03274323893022841,0.022523344128448048,0.018863344641873624,0.017606734935918023,0.017718189738464236,0.019059640388906167,0.014065285078811537,0.020520803904187857,0.0477940274661539,0.03824418150760144,0.02805476840468995,0.017838727574586197,0.01143184132356126,0.013951725240011105,0.00887626745004269,0
4475,0.012594448403634672,0.009972192266569022,0.007874503077102952,0.009147348969327118,0.010513752051557973,0.011905458151398025,0.01727918597285106,0.026930137510391076,0.03362244576673692,0.029195284958101798,0.021502683920826004,0.018299541286871668,0.018578412501928137,0.018932675881494037,0.019484021433495393,0.01529598649300005,0.019933799217462758,0.04027166010070269,0.03323396976530126,0.02514916585823828,0.01813736826056989,0.011766447639590295,0.014028930739755302,0.009830744353846715,0
4476,0.027393269942785292,0.01993770272315579,0.016311749793991952,0.016362492833982296,0.015932302550615205,0.015584618009326602,0.0183772465507752,0.03373812344862368,0.03504298697194388,0.032973042425803206,0.03175353001066335,0.02772255523515399,0.03587653450278121,0.039134077994099715,0.03642151793337902,0.033497395700927364,0.032937460998010884,0.038018905404288456,0.0371132993648914,0.03218163457241679,0.03419597597397762,0.023094073670806417,0.025775023165142665,0.02203132961814026,0
4477,0.03495811785845069,0.026662397963973686,0.023046487867778808,0.023161853577501133,0.022118158640226787,0.022358186540708463,0.025434149344949565,0.042537795798976145,0.04524065334972731,0.04226000493236501,0.0418923967053624,0.037096731077853225,0.045403072820938015,0.04919519429520289,0.04724440167956176,0.043627333425792086,0.042749136083770366,0.04914394947803821,0.04806141721666962,0.04185859140385331,0.04410333591652659,0.03213097493912165,0.033934218271699686,0.028917127745098487,0
4478,0.037201461309554686,0.03145377942231874,0.027539601031636992,0.026839600760221724,0.025813355666260567,0.02689263159268569,0.03081102397902343,0.04390861370383354,0.07174929582522738,0.08330694959723467,0.11856377898039538,0.1298687884149656,0.13014166620945086,0.13602391454470494,0.12569403474178031,0.14208342224319523,0.12316611968962492,0.10407697527743465,0.07797661696535309,0.06131465385461063,0.06206841558708397,0.058074168265372865,0.05645147612419924,0.08141820931931758,0
4479,0.029824549113519866,0.025175199522039244,0.02160149689355061,0.020920321678511673,0.020363426243256637,0.021843934120883073,0.02454454625084407,0.03390176455611017,0.0642911296023461,0.08178648750985844,0.12135935084710675,0.13648972201287132,0.134162709708798,0.14184709319201633,0.12801968064272118,0.14749042173000915,0.12704211912617352,0.10306691919049553,0.0738347593641459,0.055185698951726606,0.05379813684893492,0.05428223214856886,0.05163046847488066,0.07963953276458012,0
4480,0.016376655056917794,0.010472762298750993,0.008486091511015365,0.008586559715753886,0.008992659479010862,0.01049341728307334,0.010280064871498207,0.01727108824696707,0.023932419906189013,0.03362507603127673,0.03997822021260205,0.043061295958853205,0.045333404839536885,0.05326955149068751,0.04285492660265751,0.0456323989234658,0.0421664718934607,0.03997909281859581,0.034559891749115036,0.024491750918466004,0.02071507305865392,0.01973886971658839,0.01902751000537832,0.01667809898969856,0
4481,0.014406915142118473,0.010489859808999472,0.010689410335237447,0.01060003433206016,0.01067190590499601,0.019111863633985187,0.013171546750375676,0.021457355469344727,0.028290464315012052,0.03115567033904302,0.03664076243987921,0.03555718438804965,0.044557500147025295,0.042581654131117065,0.03891869396507042,0.03850059002869571,0.04153357212362716,0.03586067026436017,0.029443379315429865,0.030069026235986018,0.016855180070121392,0.01756384377531179,0.014873945897494703,0.014746062201653823,0
4482,0.013616332529901572,0.011149648500672597,0.01118725306744909,0.011186386749741047,0.011510608435081818,0.017769309909522517,0.013606401245914826,0.02126196502967161,0.026938218826151297,0.029185718824932618,0.03299229745203973,0.03094305633907235,0.03778665867828637,0.03483061166507909,0.03728075189819886,0.03456733078504544,0.03621484633710392,0.0331795903936335,0.027580856384020733,0.029160963667927146,0.01831101116140038,0.017791948013608054,0.01576868187513883,0.016099730523344645,0
4573,0.004183394710407809,0.003377091156450302,0.0035826042321112587,0.004190995201145352,0.005172683433253343,0.0047993718427026206,0.006281251439686846,0.008344425761024305,0.008289358878842185,0.00767957871699163,0.007397739527898335,0.007854398874335632,0.006439670669368104,0.005594550544800948,0.004172360563861576,0.003982766210869389,0.004113273216613077,0.004234595568312434,0.003805592032311533,0.0037546541744521815,0.00293072626436161,0.0025438168229941853,0.002397208025685671,0.0022964295735868204,1
4574,0.0009909362989350776,0.0007277661570257796,0.0013972448892806306,0.0020818928268468615,0.0032087244800681662,0.0029471684516691656,0.0043804314159968695,0.005561174575741955,0.0045327649010750565,0.0045056680778551425,0.004309717464720002,0.00483440898265454,0.0035905209465349882,0.0022153338988775448,0.002067109799918747,0.002444732667776523,0.002189944706473771,0.0018132003211857833,0.0018079177742976946,0.001650605311718914,0.0011706677917346993,0.00100687319237766,0.0008846453628326714,0.0009532343062926668,0
4575,0.0011147238655803983,0.000686068844295506,0.001137399976581686,0.0015116705285603154,0.0023053238350217655,0.0021412175027988893,0.0033295969325667423,0.004888984337362366,0.004731427657999015,0.004402960307942505,0.0038451539931829712,0.003982857240278141,0.0033018397733545913,0.0030667668800811064,0.002378964644520821,0.0026203338602402053,0.0029595186879486416,0.00402127366935496,0.005050333065767304,0.004539597988576586,0.0016853709093581537,0.0012267319615075697,0.0008776047961698681,0.0010544565098682085,0
4576,0.00946996673172245,0.0065770704356229465,0.0055172574396764595,0.0054030472188709485,0.0055348426763853625,0.005370751541079313,0.006779160095907354,0.013215673517910155,0.014465385907081622,0.013517836576803631,0.012247564426979768,0.010787490295609815,0.013622572985950295,0.015808907042502176,0.013679279746655386,0.013088075171165987,0.013493991484718552,0.01726847427709132,0.018096423509960838,0.01553533016379158,0.012634367987894708,0.00801370056656239,0.00862036294994014,0.007626260157370253,1
4577,0.018439919712146775,0.013470143083372868,0.012784432882701365,0.01161017923701637,0.010869303835032334,0.011246703790626459,0.01401830555175037,0.02429748433508503,0.029153368774746613,0.030716991455745656,0.027532888569194867,0.02737220988706924,0.03119014364728137,0.03821457709501233,0.033796253727812565,0.03545087129813981,0.033440499805575556,0.04164845408586201,0.03655106018679651,0.028812915055152898,0.029944725983967222,0.017880737605426984,0.017145047513219006,0.01500259023621829,0
4578,0.018261927944332186,0.015063226397068329,0.016018814383461935,0.014369168796594774,0.013398748320802551,0.014588482351739346,0.018365138600708812,0.02529658551677979,0.03919179534931406,0.04689744796093856,0.05421911628886837,0.0610454600244721,0.0594905809424505,0.0681492379259542,0.06143527057724377,0.07085593712983433,0.062241538377389216,0.06361977144390966,0.048855012958618424,0.03711624527530951,0.03770596115355414,0.027773869194571907,0.02354361635791097,0.030763219078447264,0
4579,0.0223653945535907,0.019458453105835546,0.0174176179564927,0.016464408582346414,0.015946489331898708,0.016954276143362132,0.019093005724763117,0.027972732287976462,0.04659153631969433,0.05798496684844549,0.08006040413645668,0.08757816942439804,0.08745754603867535,0.09186458661265182,0.08423116605360473,0.0948899458668817,0.08337100261194469,0.06939804788490846,0.051850173250550746,0.041458233414396396,0.03980516121457349,0.038127168909251725,0.03478532086712157,0.052299976796906275,0
4580,0.012879681952120607,0.010231278928731536,0.00973594042813296,0.00998902273003806,0.009960434086150069,0.010992706940145426,0.011939733515485182,0.01981495803032594,0.02126240743422048,0.024522111541762388,0.02562738234088042,0.025355551648648455,0.02751233995682888,0.029597400618247803,0.02762677852757335,0.025412134038861896,0.02585389745932119,0.025178145718073072,0.02386555084348551,0.02113244430273544,0.017783198995678602,0.016955403956686984,0.01244393421190348,0.011754877157273644,0
4581,0.01364449661736894,0.01029193643902526,0.010798756805765763,0.010657410023609282,0.010667608315170912,0.019056139667125962,0.013438827526033004,0.021679524323264334,0.027625005782465996,0.029316498878409918,0.033942426844667715,0.032492205081335296,0.041378693088424394,0.038361917586307845,0.035798707667644473,0.03471116705274397,0.0384961086011175,0.033234005600165685,0.02851785047595359,0.029888447754154408,0.016266926599644314,0.017224413533153838,0.013724987623431818,0.013986459822098037,0
4582,0.014626501959900721,0.011805219024451995,0.011927689643738769,0.011084649014717188,0.011329436080279018,0.018517582358328136,0.016591977969030204,0.02381917279351175,0.03065805193458804,0.03411514945423534,0.0389634538875005,0.03847671384926581,0.04650130655085368,0.04414030749818637,0.040118944412821704,0.04005944234979178,0.044544849430531705,0.037079126534133595,0.04220160910288243,0.037731487233481506,0.02003387842285468,0.023930944379993435,0.018338979199579768,0.01925041765815213,0
4673,0.013076767739418097,0.009356811021606692,0.009329907616625398,0.011096087342791258,0.00934658598171763,0.01015476593012446,0.010554474464336163,0.013649846833256166,0.014791066973577674,0.011391933282205073,0.011752751778521656,0.012198868375777886,0.0110628934710019,0.012023648112847219,0.013551010553469743,0.011966546598506196,0.0140848859955377,0.023213848658515352,0.018369402035277104,0.019604805027377235,0.015473343873717594,0.01354377889197976,0.013687594578215006,0.012318387353928806,0
4674,0.0052605886633174245,0.0036871742555382742,0.003993865219968459,0.004874689399382418,0.004791240900448861,0.004962685896441094,0.005893321414790339,0.007934757877446564,0.008116926951257687,0.006733318882553516,0.006548721687875176,0.006834133178598003,0.005950269245499939,0.006036636233905705,0.00619934545683447,0.005803690187978534,0.006728018091127615,0.010571872964031562,0.0095800326320154,0.009809348275983362,0.006427064508980784,0.005496495710188883,0.005319311144520491,0.004965143110651942,0
4675,0.0012186282395166173,0.0006498069082784972,0.0009164266753624613,0.0010236594884492798,0.001533015350611666,0.0014525907407965527,0.002427921918009484,0.004312834177234214,0.004901152383578633,0.004311807475194209,0.003446633642334257,0.003254589422533082,0.003064598606811918,0.0037936780192333354,0.002642387544183121,0.0027705794980093187,0.0036428365285786236,0.0059165040130441686,0.00802251929888925,0.007393509579862087,0.0021282093215284153,0.0014274003780117843,0.0008647109653337591,0.0011382036297015036,0
4676,0.0018957567443398599,0.0012045627917481416,0.001577238830671891,0.0015702571971620179,0.001965398612727713,0.0020155047990231038,0.002982677801479129,0.005215246855282194,0.006464377216936042,0.006277927591608684,0.005110901292743191,0.005098336917593959,0.004975480234747662,0.006469559339498677,0.0050082582236860166,0.005625940662926607,0.006213254326674768,0.009140851776841864,0.01030466803857987,0.008751019668413382,0.004066710193703526,0.0024866871112606027,0.0015970459969406408,0.0018071739597678394,1
4677,0.011610300787716302,0.009027068544092997,0.011294581388993401,0.009521115330469197,0.008629938862588254,0.009727118771917792,0.013073606700198014,0.018489444136079485,0.025663328902733377,0.030602714888379956,0.026222692395842937,0.029886812077268465,0.028809112803275732,0.03792567235161969,0.0331185459254854,0.03843793278071188,0.03487352341554443,0.044624959257987706,0.03593948194482616,0.026699090112185363,0.027356191670488,0.015298098700154425,0.010837998010365543,0.010000771066327584,1
4678,0.03540881891775139,0.028570643093091805,0.02666915262040523,0.02318983851836166,0.023609303558936343,0.023224071747657567,0.031195739382648212,0.04125821239157985,0.057572473911478274,0.058222765125750496,0.060063459884663745,0.05231435925257245,0.060224711877578746,0.07120129213976203,0.05501521344348881,0.058765305616487365,0.05630808116715355,0.06704140151667932,0.07040462928302488,0.05786805545982936,0.058293540182530024,0.04750860151295578,0.05261753374497883,0.04254632396778704,1
4679,0.049311186733123326,0.04104709574163596,0.03626253192179878,0.032430305165783026,0.03365579297909289,0.032813015004990495,0.040747606526540574,0.053557367288268314,0.07121354952233576,0.07018511591035731,0.07635477021360057,0.06034650831466156,0.07301727376598938,0.08122195312020765,0.0626008059407353,0.06349565940496911,0.0625161145585675,0.06924314347653608,0.08083962775815837,0.07048267881401564,0.07077089909714944,0.06380364951714375,0.07326209022630745,0.05975691629360524,1
4680,0.012991467407639717,0.011302064649334684,0.01085891447606129,0.011012381663784935,0.010948095911212414,0.011525656297145692,0.013132130361778205,0.021300178697972315,0.021068605628406026,0.02321775713518937,0.022758366959236765,0.021279205066867455,0.02240499557437295,0.023302379941724086,0.02360528966231431,0.020452611098261693,0.02144072622077387,0.02171474947390674,0.022167588157751276,0.020947515990665532,0.018094008119015556,0.016851835650276446,0.011478511011601711,0.01126325484960439,0
4681,0.014206639054326866,0.012545962380475421,0.012061069002945152,0.011015501648496602,0.011335963317273936,0.01339023996515636,0.01779815250798762,0.02418349505778446,0.02828911160711081,0.03291710925591775,0.035192181218453626,0.03572237092372463,0.03915200775476809,0.03943191714215169,0.03588059932345247,0.03518485497182876,0.038637145274151935,0.03283655127096839,0.04689542701531299,0.037105883871071485,0.022841616516384184,0.027578726190631998,0.019600852222334923,0.020616184819502566,0
4682,0.015782687574883384,0.014254059985083292,0.013553026564508349,0.011642242077260737,0.01224782465388548,0.015307908006639297,0.02153494449838024,0.02695455494094371,0.03371494934421312,0.04018177976044829,0.04410056718711723,0.045448015900134114,0.05005624007835871,0.049872992230641726,0.044062386849533154,0.04511612862141057,0.05007614354011273,0.0403712325891509,0.06340090556080677,0.04828472573263716,0.02660205908898838,0.03496427744872119,0.02533151968580803,0.027194331479112415,0
4773,0.014997148234520776,0.010850398625698221,0.010810649906499875,0.012715032400527848,0.010636000822068717,0.011723397701592402,0.01221267060291418,0.015880738079024126,0.017390611658601618,0.013396219158342187,0.013874124136575555,0.014068987246951822,0.012900714287724045,0.01413432508057625,0.016111646971106793,0.014625445844857655,0.01658188879989661,0.0273206933426348,0.022117144433984028,0.02330149537426069,0.018431164356009035,0.015951581385833025,0.01600578138333235,0.014372997423128786,0
4774,0.011086472823609214,0.007922471449437059,0.007895066227171461,0.00936019455893669,0.00789256893042168,0.008589942594394362,0.00903890882885855,0.012029598398857583,0.013221765301619285,0.010307957378733433,0.010436426641522653,0.010728246201916864,0.009867259384305332,0.010930334177799142,0.012003458253953261,0.01070472355644491,0.012661702911814563,0.020907110259013123,0.01771145030119598,0.018710171425663138,0.013406495964820736,0.011664297094271291,0.011615770020736715,0.010526487552740306,0
4775,0.002342469226111444,0.0017774436630366894,0.001899135954789047,0.0021986650922418967,0.0025291156190393725,0.002611808469025644,0.003742541830433885,0.006488379782097331,0.007608225545958226,0.0070456738079897,0.006186525691464156,0.0060042713042451346,0.005900532938887594,0.0064695772314392755,0.005607012507797662,0.005536054583580457,0.006472578520824506,0.00886088276193763,0.011050271229117227,0.00996000102020406,0.004014024764483488,0.0031472261940553112,0.0025170783995867177,0.0025350745718368474,0
4776,0.036264481003676144,0.02261173090393047,0.018935332932563824,0.018064347716951763,0.01776772668904522,0.01912481620645633,0.02353181255050848,0.03719364500720516,0.046943579064677554,0.052505190826254135,0.05162081660785849,0.050534239588232756,0.05921305635107187,0.05622797736107847,0.058132031302628895,0.06094732393657935,0.060042088343575814,0.06491358603075267,0.060259715722383984,0.051287509643420506,0.046486214125717316,0.05344581444144718,0.047954804205433785,0.04776571567580143,0
4777,0.08444550080038962,0.054918414490340184,0.04604200133212016,0.043701030478014206,0.04231661471584597,0.045222817435953515,0.052930258891439,0.08361272716881946,0.10413887241352901,0.11730213996130169,0.11619738041650111,0.1154647975542133,0.13567931735056468,0.12626832966702742,0.13285670389564352,0.13855493793737259,0.13673031959825416,0.14540149248840512,0.13204076479827417,0.11306345985596626,0.10783193662429014,0.12546349733155537,0.11206442895077266,0.1098042556319064,1
4778,0.06470955930944935,0.04704067326237656,0.04062213778551582,0.037815012314127705,0.03754350012651119,0.037580364438930695,0.04608700523288077,0.06799562595985625,0.08834890212822528,0.092042818494586,0.09518848222479599,0.0864606861568741,0.10149445596340546,0.10395379150195173,0.0928196505658357,0.09253609971367086,0.09328697464651753,0.10403900128716786,0.10720355053201343,0.09391258254102625,0.08979761723032474,0.0886187397830189,0.08879764119524859,0.07956197567579183,1
4779,0.049464182724431795,0.03648164960994265,0.03257798674794466,0.029607722400359367,0.02996674200514234,0.02888040879136532,0.03472232134409123,0.0486512266124139,0.0634639979679568,0.06614124915807018,0.07003808006516409,0.059978204869558696,0.0700181004990378,0.07604677899081433,0.0605165489061865,0.05806238360885398,0.059136013730936014,0.06779223891056714,0.075060461374987,0.06889320761940983,0.06804890049523431,0.058907583412081736,0.06233726325992277,0.055519242779727175,1
4780,0.021288319002152476,0.015519058296607774,0.014875396588357149,0.014379448374470392,0.014366821867414836,0.014407651882612022,0.016143847814225783,0.024942631525867325,0.02683781924800371,0.03006746375925978,0.03035818739820132,0.028577283377727244,0.031238525762192042,0.03245391922015444,0.029831508578036865,0.026249402224283118,0.02741163631815391,0.029290706810231753,0.030326204695148174,0.029795170387747268,0.027556235758825324,0.02403913650298729,0.019183018196858508,0.01954196493136833,1
4781,0.01732301336772217,0.01488374301397243,0.013791859602179827,0.012258083146853881,0.012381427251574236,0.014639625231601481,0.025796389954425954,0.03394369672909067,0.04124481630470876,0.037711637960916804,0.043623674172249376,0.046239885945029535,0.046623766316702724,0.04733427326082626,0.04364677790043783,0.04144873327945232,0.044947922256719106,0.03882212118685566,0.05458847305206435,0.04519357074078781,0.02700867785922694,0.031834134614623984,0.02408729586445283,0.02586052867025694,1
4782,0.019069528729488475,0.015687813645641382,0.013798604216312195,0.01201843462571451,0.011874754068206943,0.013995440814132428,0.03302479055510405,0.043220966955518934,0.05272528940335213,0.03822132153315992,0.04768079589217801,0.05278463308516982,0.04899267146064585,0.05069241743140557,0.04758492909752277,0.04268110939953773,0.04569271429620232,0.040981584611414046,0.05464973900433471,0.04836131057910852,0.02921945802972011,0.032612842878034926,0.02585024220841163,0.027800390801758713,1
4873,0.04279918710292691,0.033266059864599545,0.032923358953373415,0.03459898680798048,0.03225598375827128,0.03507218169709982,0.04043176365053114,0.0652342199723674,0.08090987636301274,0.07264347438136225,0.06897291620333115,0.06524232799150372,0.06257760344299204,0.0630586052162406,0.06800715601255795,0.06992892955157257,0.07047651300861155,0.08584637692999791,0.08796905942011027,0.08023831573426041,0.06696480265129606,0.06367976353957032,0.06414029818786336,0.06052916586697065,0
4874,0.04783595662147255,0.029336149106160964,0.026332777019954637,0.027182610971239963,0.02685563918124032,0.030425927873608167,0.10462979687082848,0.565854093666989,0.9550682424897501,0.5210734328518939,0.35521089460173255,0.32854481446194667,0.37424128090042563,0.5456896273027707,0.47378939034521517,0.40645349439567374,0.4938379881849004,0.7544531015872372,0.7908294447706478,0.4796535603875072,0.30754174220490826,0.18986643138146814,0.1300458425317449,0.14247221756030856,0
4875,0.009585852507644642,0.007941357546703602,0.007183496624701348,0.008377846206704818,0.007887706258747355,0.008868051919229448,0.015211695528007564,0.04932445449178296,0.07624231509168128,0.049375094723159964,0.03861714465123802,0.036824892193394396,0.03997716733116299,0.04985950001044698,0.046665710734094604,0.04101005855344753,0.04733045557170079,0.0663042787777136,0.06909864251866811,0.046274919708535873,0.02989047301353953,0.021352885573399795,0.01657055759792996,0.016243187616989785,0
4876,0.03395382627046465,0.02262382958020297,0.019121633221960477,0.01926354941073638,0.018372476899284968,0.020151253190393275,0.02475695708249278,0.03975333029713848,0.05027793665763526,0.05448044554766798,0.053322600488990055,0.052297224830332154,0.05959823647122409,0.05648403792141343,0.05972673664765959,0.06054715339312295,0.06019694963568877,0.06577939414703997,0.06160964422263692,0.05147866522920771,0.045587456268652474,0.050416662224112584,0.04522223676010207,0.044135571802539894,1
4877,0.08718306581083969,0.057081651636121625,0.0477317052985854,0.04579796609501756,0.04407795915953257,0.0473733983790994,0.05526133462836877,0.0879139582433244,0.10970200883053066,0.12296982924301766,0.12165993250823245,0.12084814124842629,0.14157134624889556,0.13136115644760185,0.13936104202166724,0.14446145512673753,0.14289610882365056,0.15204081642446873,0.13837314123644218,0.11842270255921725,0.11185293626254263,0.12996044575731439,0.11586198496833071,0.11341993039234823,1
4878,0.0550667722851494,0.03682155819429955,0.032170957651078386,0.030563962050658082,0.029454437989572094,0.02960389535770576,0.034051151328494664,0.054616491334517854,0.06678966954923557,0.07455650872461028,0.07452371142821189,0.0731094493245758,0.08221288742891421,0.08140033992379475,0.07688340402444588,0.07378289972248318,0.07644900160730314,0.08600194727870403,0.0832979752875802,0.07685473372868096,0.07262665240684275,0.0706676103959201,0.06324559657596274,0.06263721420643877,1
4879,0.04315589927759579,0.027958773635257925,0.02527823192306811,0.023751372439214127,0.02309931179722673,0.022139615209127068,0.02605018695766149,0.040829528400918906,0.05031314049501577,0.056371819844519964,0.05687397180133488,0.05427044869435975,0.05937869441437002,0.06257528147014574,0.05326530509033014,0.04723448778936676,0.050419160987779696,0.06017835082041029,0.06212041028369139,0.06057649792264265,0.05737577947539587,0.04727682861980523,0.04298155646717324,0.043658804950022355,1
4880,0.03978420254719101,0.02563194190761632,0.02349616473405142,0.021200235671085373,0.021021844366965383,0.02019196721495486,0.02345940438341337,0.03447007887877052,0.041389727136304955,0.04663037489525489,0.04864518738598302,0.04604039486042815,0.050320149191560366,0.05328204945389828,0.0436687002961565,0.03914031885520688,0.041353367725315913,0.047535725884146535,0.0491651401884941,0.050117732279190315,0.05001539025148581,0.041004839841061555,0.03759608453902861,0.03945705699120022,1
4881,0.02266248222133703,0.0170763125197189,0.01398836960660989,0.012317415475867479,0.01155003129947831,0.01287066462101849,0.04273048846895118,0.05694223446134416,0.06877050190129569,0.03618035146832254,0.05031331170132789,0.05864739661246415,0.04768666045807455,0.050936113582413865,0.050043183751393765,0.03981839837876438,0.04104704500282388,0.0414191525330888,0.045946466873296204,0.04794512270890814,0.03194919578836384,0.030313157875299226,0.02643994445868075,0.028271198769500086,0
4882,0.021617251183680776,0.01647362641066304,0.013338822331559709,0.011630458975863407,0.01082297987940095,0.012104557243306606,0.043924745280115224,0.05842424375643992,0.07042350451912448,0.03554142840347879,0.050394082412679765,0.05946437531805444,0.04742973854788871,0.05110425430301409,0.050397489830820215,0.039683443988303854,0.04094111103197926,0.04106111603958578,0.0459181604595484,0.0480369871749812,0.03134502121962604,0.030072477635664823,0.026014108670335327,0.0279095227943937,1
4973,0.13170698132276337,0.09997357116696746,0.09383716574383195,0.09608750229247355,0.0851944602144519,0.08714154392559292,0.09977486708364718,0.18447340304036774,0.24086387854602992,0.2167827461996511,0.21585581974513895,0.2013740126552859,0.19257865208852978,0.1969619047187968,0.20699228922349805,0.2127009032160614,0.22043940823893282,0.2544724279021176,0.25735310818969875,0.23616319129611327,0.20103057825647233,0.20662838901926736,0.22907557836614006,0.22066637517240603,1
4974,0.029173934921993074,0.022729998369875243,0.022164742029658936,0.023585320469520846,0.020711624425151735,0.02254471385342412,0.0247559591344178,0.038816391914230274,0.0461283596277937,0.053054284909466384,0.0490203770307877,0.045834427496182814,0.04231937856929076,0.04082562333320043,0.044926183243636175,0.047158458919096286,0.04937784702070625,0.059131846147722746,0.06753735886568836,0.05721704713288005,0.049319889044261864,0.04977195228201275,0.04884829679399741,0.045400809811269066,1
4975,0.009195416528423634,0.008067001038565287,0.007605804413642114,0.008761002344341884,0.008186838546603991,0.00921002002311496,0.011086776866406758,0.018006046211853324,0.021913447809775284,0.02230488780681601,0.020334606421042133,0.020310294667581105,0.020144925611513518,0.019340753618916157,0.021057754228875306,0.01970544355899637,0.02102791596365032,0.025120892285710746,0.027033312180978916,0.021849040649007705,0.015827942776535823,0.01454228155688654,0.012531847589822712,0.01108382784032934,1
4976,0.010785044428561725,0.008799734728306561,0.007891225698908695,0.0089688813278278,0.008409387771200852,0.00938733604304456,0.011662158249434621,0.019502802294586796,0.024191720892183983,0.024011465872160673,0.022845533887706677,0.022602338550660923,0.023709054948130404,0.022883301104431833,0.024506088725153856,0.02310232757155147,0.024093013729075897,0.028147129455565124,0.02838484299651657,0.023128847920955445,0.016957515102867703,0.01616701794569969,0.014290512985504671,0.013062140384892892,1
4977,0.07178179179241634,0.04603260767337481,0.0383712576886357,0.036948402392011546,0.03549703347441212,0.03840277917652098,0.04610529048584643,0.07303871389814162,0.09235292256823732,0.10335278078524264,0.10218049254900341,0.10051168529078647,0.11749169386617302,0.11030570866258807,0.11618655672228435,0.12012247144975156,0.1182944591542197,0.12661590844438717,0.11557602038425141,0.0982654878832984,0.09260626695622609,0.1062007983852115,0.09523903391242747,0.09388765993308265,1
4978,0.04557607292042689,0.030086900729664644,0.026904311556625305,0.025392416940327615,0.024561555104348178,0.023836337586968317,0.027767813868775103,0.044179534906298654,0.05408568323015371,0.06038138239763595,0.060734899259729996,0.05863418024336798,0.06448709111526554,0.06677142897500975,0.05850139433578289,0.05304382549805943,0.05640019053127788,0.06617033137850238,0.06693059141238605,0.06427822438041028,0.06078646367614913,0.052595473549248095,0.04747892020379824,0.04773064061946738,1
4979,0.043124488691214435,0.02792304690361682,0.02521363992475041,0.02370424571107519,0.023045768132739647,0.022096809020580227,0.02611701978282388,0.04096586810167986,0.050507170713933534,0.056515236952748155,0.05699504020825752,0.05444746372488008,0.05954800131066556,0.06276793179905112,0.05345798069613406,0.04737304894132052,0.050600511911601816,0.06044299481559785,0.06243044468851233,0.060800164098734656,0.057480052563386196,0.04738777647936673,0.04305580819221239,0.043678189254740124,1
4980,0.03263750717749806,0.020432392110986988,0.01693538745908856,0.015477230422358877,0.01573416087998163,0.01835238300697106,0.019985906746926543,0.02732345624891579,0.03520543538785996,0.039344873326426485,0.04130152396128065,0.039948933259307685,0.04681321845410424,0.04502472299931611,0.03860678821344599,0.03601249451371847,0.03852531839983455,0.042880136981939355,0.04392454098888577,0.042651679558722705,0.03792253219805551,0.03199195040876229,0.03016199550969021,0.029165791890748242,1
4981,0.019723199614331544,0.012657626492042948,0.007973219433049477,0.00736711710577638,0.007605369083834976,0.013901268286775662,0.017539637044855005,0.021461609207653203,0.03035530654373695,0.025965815200051347,0.03053168110910874,0.031869208411739104,0.037395684063839696,0.031395418609146124,0.03011874339419904,0.029024196644983964,0.03133923336427895,0.03149342626558991,0.03012913958517132,0.028012617001341607,0.01847285071702577,0.017381457687163787,0.017699163378167737,0.01498252186643749,1
4982,0.007388059128667303,0.005824506942199628,0.004974164740046787,0.004824344786172949,0.0050673830166404355,0.007175579111509638,0.013597554164681475,0.01649886087824111,0.02043807677049758,0.022898201726447957,0.026575856925980416,0.020351860123502038,0.019450709554206795,0.018894126982250434,0.01858216197387071,0.016281030633807272,0.017006811893365816,0.017605665031941577,0.017811865109277167,0.016505621322091556,0.015899302409489058,0.013889746485800797,0.010267763113186668,0.01054427721019574,1
5073,0.23496878751734698,0.17369740082139762,0.1588529497341568,0.14133384024177081,0.13008481543909542,0.12719611042855208,0.13670509628865313,0.22038688528802114,0.2930237071853823,0.2575531874006686,0.29521271767479296,0.28882635613006974,0.27629728939126263,0.2805807687281265,0.2700967577480814,0.2884563428132792,0.2721753545115812,0.36067653702549013,0.3283051160195612,0.3501945450953581,0.31983438442449963,0.296926342645538,0.3592339857196268,0.31830610807234905,1
5074,0.04622602473999639,0.03713172380304335,0.036904187094012955,0.03682781729302352,0.03402820536734822,0.036346345181515416,0.04323282190377202,0.06611794364348553,0.07819580698874379,0.07897614983542199,0.07376584458497817,0.07063901131872526,0.06773162342914182,0.07632455883879512,0.07765433075925346,0.07682437860320473,0.07865095702933517,0.09126164203863735,0.09203407659878075,0.08100200281308177,0.06990740043694654,0.06796588940916118,0.0704087802872389,0.06512226841456371,1
5075,0.012290718202480153,0.011743828765197353,0.011034596481035216,0.011076189155795108,0.011074474128735232,0.012461068992936574,0.014530648922928971,0.01963666447540399,0.021161393533630408,0.01762257600286279,0.013977573967571674,0.016814642544397462,0.015950972270858645,0.01694946229549597,0.019070570696109602,0.01892598071022394,0.01963820713890751,0.025787236987876685,0.025994545894266422,0.02372222467312909,0.01973953287714959,0.01878298267104158,0.016069565018649576,0.014290961993123798,1
5076,0.011400915538331644,0.010920336793952644,0.010202813137113464,0.0103957316909113,0.01033526981056508,0.011643494239998421,0.013609651227956283,0.01873904457783268,0.020470491820429364,0.017141026704577598,0.013886257185631691,0.01639826192972546,0.01566689417503236,0.016347335567010006,0.018493911110459525,0.018177995397354978,0.01892276791659573,0.024872262563035544,0.025100851838865974,0.022716532880751126,0.018528446090236655,0.01749586795004593,0.014951121415073864,0.013252291265995026,1
5077,0.028766546048529497,0.020793429547306293,0.01810405994259364,0.01770438630860789,0.01729118722688891,0.019083108063990495,0.022816639157965748,0.033694788506983236,0.04053070714825286,0.04113007802931891,0.03839782870324308,0.03967576343994465,0.04384350474033165,0.04274763789347534,0.04560631587276025,0.04637120985428773,0.04628703716386133,0.05329188071154128,0.05033481055476758,0.04408980946772948,0.03991035199541904,0.04245549095988465,0.03766548600130696,0.03621248357123781,0
5078,0.03540868643589254,0.025038756434278827,0.0204880122113347,0.019678515133162898,0.019223298463646517,0.02335289574896005,0.02602115983903522,0.040769380421966775,0.05435672029138195,0.05414457034564936,0.05300519852099281,0.05273763240027861,0.0578201080183302,0.055729183359130297,0.05244053102110646,0.04946148583383166,0.052596182205705035,0.059905350838878206,0.05795655873250088,0.054786137512475956,0.04517985020617148,0.03993935473850145,0.03733497242300114,0.03442275368939108,0
5079,0.03273795533381774,0.023304572755066085,0.018306572092007214,0.017961906428494268,0.01769739872414253,0.023394729644714365,0.02548827798390548,0.03957621664292907,0.05462735591279796,0.053260941177348746,0.05237429840710104,0.05221179016989323,0.05811387886881311,0.05337896696262783,0.052117640548982144,0.049851176576121245,0.05281543841459704,0.058616946343392935,0.056417163526636574,0.05239961091239878,0.039750363696403,0.03589114704796514,0.03414752894608569,0.030052354478356084,1
5080,0.027210776819041844,0.018665480928839816,0.013704189722331696,0.013150029237650669,0.013422966877996684,0.020781539031573943,0.02154494482857026,0.030658607248273018,0.04727082462587449,0.049304569846255704,0.05007262988108077,0.049315264368331835,0.0561724775187238,0.049091405436647334,0.04705565389489691,0.04608082717898213,0.048387103507947914,0.048313836113145804,0.04618393112007711,0.042546202923751386,0.029888521188866344,0.02726471934671392,0.027020694474898695,0.022964605403077442,1
5081,0.020941144653190972,0.013417870057198694,0.008511072234099625,0.008038857303399736,0.008442411081095058,0.015706226757018316,0.01519122849417443,0.018472962730029355,0.02797469735430712,0.028471400064689893,0.030799303114884283,0.03089222695809858,0.03895686602357831,0.031471895286664595,0.030174031008881774,0.03049829962809692,0.03307567012328721,0.03333912728903185,0.031049665680986098,0.02800726580928158,0.018858985935364867,0.017553424781226137,0.01836628639860363,0.014794038661213517,0
5082,0.010830823434735562,0.007097708628680382,0.004831571354090996,0.004658333455302587,0.005076046140485344,0.009055934931592373,0.009646558579260072,0.011287995420055895,0.0158888721434174,0.018694519012476363,0.020699226055602475,0.01802332339859042,0.02182050771206109,0.01927132886385427,0.017817276320541437,0.017330736100984206,0.018739293709643706,0.0190396267559444,0.01834056379918347,0.01604368368583776,0.012744109232239776,0.011624380949552834,0.010764141445455854,0.009160449931819453,0
5173,0.12684740559707863,0.10193182208064532,0.0973825904271616,0.08944011392358442,0.08454493774237312,0.08455360459927613,0.09163461174448856,0.12680771451471815,0.16852487646544964,0.16076510179905623,0.18852007819248878,0.18842837007171687,0.17918250762703722,0.17864425582814597,0.1690269786214148,0.17127702399923422,0.16407359978278435,0.20139966516966845,0.18808561296244322,0.20002809744856406,0.1865988546543199,0.1655925492622713,0.179907236545937,0.1594526474412015,1
5174,0.06216484873743784,0.053214364053170954,0.05567571918754474,0.05352412201617505,0.05304624798756899,0.05664029891138543,0.06914290993465054,0.095145767548777,0.11441579605415776,0.11567077936642572,0.1084522066581248,0.10868812373068405,0.1069426529533036,0.12347669090189857,0.11915154514342059,0.11005789497655094,0.11148000400037443,0.12030921314210376,0.11528977487868179,0.10415237493953462,0.09209829811862535,0.08344078927141702,0.07839681094759031,0.07154996760309557,1
5175,0.034914571895056375,0.029813310176913965,0.030796353081177896,0.02923267729745015,0.029536326449150878,0.032047616334781294,0.039355726289446454,0.05447429954461898,0.06331229700557225,0.060950522580182,0.05196567277426811,0.054323767903508555,0.053761667900571,0.06446549807630923,0.06375127735415953,0.059294044796384476,0.059972396650478745,0.06707101936970473,0.06363649443213881,0.05632314426034537,0.049349274398069284,0.04566138647079855,0.04348264934499327,0.0392482172666545,1
5176,0.012253184040372393,0.011762547273344911,0.010983436063656593,0.010978946650399859,0.010972131932395594,0.012374928106432849,0.014448308569651328,0.019800098531476355,0.021393591702380938,0.017710813515621492,0.014045511673168075,0.016753533860673693,0.015940694382720166,0.017075269763464143,0.01906693852976383,0.018921667392731795,0.019865462027330003,0.02598842922492382,0.026329277800999737,0.024051579256790637,0.019786230529078522,0.018889019129154496,0.01617365482593742,0.014443333518112928,0
5177,0.018645848391515823,0.017249907048907092,0.015761667153757975,0.014749774091815033,0.014593160722835796,0.016628301742768505,0.019940332825123575,0.03213142863148274,0.03776836462062513,0.033798798265981415,0.028305112174757098,0.028424865396923567,0.028369584548484934,0.03389640769951503,0.03260898818233267,0.03157926626339881,0.03677038837691142,0.04229223851789465,0.04523476849388381,0.04000576007259045,0.0299148466835521,0.028957245554009334,0.026287656169454564,0.02441190746997951,0
5178,0.028838731208629214,0.022770151589334053,0.019082310517579595,0.01824672621454215,0.018108700271026592,0.02236333259406412,0.025098686559362732,0.03889572412395017,0.050585414590971746,0.04701706903086355,0.043196346656157535,0.044810689833387325,0.04676447774394308,0.04549479558164916,0.045157697739073056,0.043988729733409976,0.04621804330553044,0.05295896823987882,0.05078659788311575,0.04822270682172549,0.03904861900572704,0.03621419459737607,0.03320782029206754,0.029758485185564412,0
5179,0.033087848015426954,0.025290993700903264,0.01989953626558172,0.019232149554886415,0.01931601554349797,0.027347713930986128,0.029237371324008762,0.04320127187873028,0.060248217513253134,0.05743974349474587,0.0541718933413408,0.05528162212832597,0.06058022512179412,0.05456334608646233,0.05510525464674463,0.054672944170420734,0.05767645819176487,0.062230520687593216,0.058840837308332485,0.05459346197455524,0.040143721099086815,0.037750719878526774,0.036043721111318955,0.030791858186949704,1
5180,0.03271083240300603,0.0242104686129192,0.0197548682533398,0.01902790852412339,0.01945390390303619,0.02805974641338262,0.029519917212976348,0.04045860797741477,0.05833217683767385,0.06076190451476782,0.05766327675190005,0.05704769536334384,0.0633210055925131,0.05626308695292452,0.055644879553525865,0.05537368223321462,0.05874241987261381,0.059877519419813244,0.05820116916230112,0.05284911814692254,0.038473094715290715,0.035013843029505755,0.034046702650171366,0.029607630879681636,1
5181,0.029699311858702344,0.021752511560384255,0.017152481440009623,0.016453935214041256,0.016788519490802217,0.0251284655498149,0.026233710550905374,0.03622668197106274,0.052777157274538085,0.05461185424531935,0.05246594982849231,0.051951774389208505,0.058173220748143614,0.0513060486390514,0.05051986845133423,0.05032994257512553,0.0536155142177042,0.05448902283553746,0.0522096693549514,0.047330789684079326,0.03422352863635268,0.03131618423694342,0.03073515258986075,0.026485882098811444,1
5182,0.00625918828371155,0.0042925246349221945,0.0036271378439248075,0.0034971892229047914,0.003941001722533547,0.0058123488494791,0.006329353289197663,0.007955851214061574,0.009937650561085233,0.010022600239423399,0.010637180281661315,0.010760435300749976,0.011810243360241349,0.014369077803172517,0.011540182052715226,0.010376257318611228,0.011256127781960577,0.011394561361753187,0.01269350192935542,0.010422342687804564,0.007971955510115382,0.007762346879398863,0.007292288133404888,0.006325916271433904,1
