cellid,callout0,callout1,callout2,callout3,callout4,callout5,callout6,callout7,callout8,callout9,callout10,callout11,callout12,callout13,callout14,callout15,callout16,callout17,callout18,callout19,callout20,callout21,callout22,callout23,h/w
4273,0.0019640708700138973,0.00026345289695620425,0.001715295918237438,0.002200920032626401,0.010444677429755935,0.020640581619063278,0.020979891772389375,0.027791521103004632,0.04036647235110623,0.03939531300009045,0.04184636409962456,0.038558760523338995,0.03187468726910582,0.023821403039668926,0.031328383918645966,0.04697555076207597,0.049058804326321676,0.06297562426588003,0.06233211784423624,0.038147486153697535,0.01618493456549721,0.012298149075839678,0.007321702421077635,0.002816773582055741,1
4274,0.0010822632829931278,0.000539772829753741,0.002301869793190573,0.004581270972908005,0.020725588685405433,0.04066402300075771,0.03874306760421846,0.047049638591025005,0.06223084182983975,0.056627653866761114,0.0608766963893037,0.04103895879493622,0.03271621993022179,0.019114947492922408,0.018684382574280716,0.02388404770459823,0.022386240631938226,0.025192721054748884,0.03201106666381321,0.017364099465236434,0.010595510164004684,0.007182397783642275,0.0048421498703904425,0.004260866684485591,0
4275,0.0013638189494553487,0.0007459138844629308,0.002066195592251049,0.004212895818284971,0.01460645093290912,0.02742030785016476,0.02896954275577898,0.037862101680154456,0.05638962887801207,0.05494119989527983,0.060182215127180395,0.0468964130609531,0.03879809251768392,0.027711845539040398,0.026169729282735994,0.031166205444562535,0.02881956498148273,0.03434419572803127,0.03992805539581542,0.024396110113498716,0.014374441468439622,0.010624720888454411,0.006672069443244923,0.005157103656125573,0
4276,0.0039319957000912885,0.0012580146578075216,0.0013495884126645187,0.0019257082649491576,0.002570143189604053,0.006733595304163577,0.008280239303516231,0.01716340280991735,0.027201507571932074,0.040469802012631506,0.05255143974698731,0.04606695602629295,0.041658637246716916,0.03388498785231984,0.037317849026299255,0.03792172152343418,0.03587888417891284,0.04475060527695785,0.04208556793730885,0.032866880026779524,0.025175632566269913,0.020599655052006918,0.010295035281670072,0.007371662286640817,1
4277,0.0050442584237310115,0.0014065400064458124,0.0013630795006262077,0.0018608998399878816,0.0027261590012524154,0.007745847423124981,0.006837127756040843,0.018724193433709988,0.029422021634031344,0.04463455681084473,0.062051971853664255,0.05081903617550114,0.04662867791724007,0.035913440821079126,0.042307567739372484,0.04104178050750071,0.03966400839268906,0.047962989526232104,0.04535535917720171,0.035153993175414955,0.02906211432029505,0.023845495481407197,0.01201744719512796,0.008628638947523595,1
4278,0.00493153078941501,0.0014063873870058662,0.0013350663154024956,0.001801386111843628,0.002657429542343888,0.0075385049336833,0.006679400380322656,0.01846411114794672,0.029059853213601442,0.0439191537505313,0.060989464018588346,0.05000156036936851,0.04576351972301258,0.035453104944919565,0.0416542573235547,0.040492357057578234,0.03915393306930874,0.047326752075088664,0.0450074293682578,0.03483763501686257,0.028570069873411902,0.02332781407400211,0.011915873153813495,0.00839662558117752,1
4279,0.004685693275381135,0.0012350529859356666,0.0009277380251935953,0.0007491328277131898,0.0018554523476285998,0.0047562299487717745,0.004421168700047295,0.01795911706376328,0.02644534879527701,0.04538819248099461,0.06688871908677288,0.060406863282969424,0.05069985633902811,0.0378509537375048,0.04277113856550599,0.04720279206432551,0.05463153783515733,0.06000766753779063,0.052745551082649285,0.03947330535246118,0.031423711378317225,0.02159988466602923,0.00946182565001946,0.005635472795133159,1
4280,0.00347563646708446,0.0014164070178437058,0.0004511844507296672,9.250729111452924e-05,0.0007749669369179875,0.0014732996852543003,0.001999209930378332,0.018828003967780362,0.024057298803451126,0.037312852703803065,0.0595841638300049,0.0533955830902142,0.04719126340921085,0.03515007384095111,0.03448829555054175,0.03643958190425304,0.050370974425472274,0.06598102438330732,0.05134861079855605,0.044543534713581884,0.037284024720618925,0.025910052558194233,0.010357579827401436,0.006413642605377775,1
4281,0.002700366292203243,0.0010999242676251867,0.00040331920914999227,0.0,0.000533116460797683,0.0005857064181392326,0.0028544047725510874,0.017990015798567717,0.029105698429370785,0.039575994059369346,0.055715398146998885,0.054390111900586534,0.046674195939521115,0.03453312501148183,0.034605990366240014,0.03581559280340475,0.04482123620549983,0.061996461339358176,0.05210577478099574,0.04131254661183708,0.03205516448180617,0.023666335801517613,0.010519023279968771,0.006126576654886748,1
4282,0.0013493531369538024,0.000506646686137858,0.00041313285629908755,3.5392838112550484e-06,0.0010907411128360865,0.0008195376674225772,0.004157222940319456,0.014465316604227344,0.03235616880900162,0.03834852023480388,0.04183461349645154,0.04553355317073,0.04098289194961538,0.032674845998663306,0.03228516934493965,0.033640644338056046,0.03212246240084268,0.051759855833897535,0.05294413191701472,0.031040395722169403,0.01934840887620292,0.015645946622748364,0.00927465801062093,0.004800333508410613,0
4373,0.0013958169930525087,0.0004498932838569413,0.0023377458446614944,0.004187932289781265,0.020029920801293854,0.03905929644671968,0.037825615032811,0.04414442855490376,0.05602095485094007,0.04962765954475299,0.05171910684585482,0.03954115041182968,0.02764097911418251,0.015153835303889062,0.01498817310640941,0.024301877634128888,0.023774927559519578,0.03104093827932296,0.0326059158688622,0.0206198220339215,0.010307277233989274,0.007248845300013993,0.0052038164001552215,0.003281038653404845,0
4374,0.000608337332688366,0.00048451645966678976,0.002395995673099761,0.005426915304122076,0.023715573039880648,0.044362262383070186,0.04259349046058672,0.050333993915194886,0.06503184633332776,0.05514279772185004,0.05836572943134896,0.04239085107588942,0.026537999087982485,0.009839935053763542,0.007778048342074807,0.013787515991479076,0.010467350034192767,0.014580356425150725,0.018501350737632073,0.011673257667149984,0.007436430403170454,0.00509280634271105,0.004491977987516012,0.003718215201585227,0
4375,0.000727504005133722,0.00047651106894914787,0.002483618146639148,0.005383008091138618,0.022903241954832232,0.0423177126782861,0.04193098375505395,0.04902703889388113,0.0630823042196588,0.053803694205734776,0.057856099237939135,0.04352039630432881,0.02697747147564407,0.011016257994736402,0.009681240310570506,0.015283372297312768,0.012174721451293311,0.01567928612710239,0.019872613471341394,0.012979879938969789,0.008058710855490122,0.005875003339421727,0.004644169068540585,0.003947637386167283,0
4376,0.004234916047847668,0.0008174948211419218,0.002253345610291692,0.002081420261731094,0.006503050426408461,0.01395560333374382,0.016126676821816687,0.023229688642000083,0.02806576991753014,0.04084083096492791,0.04968558940057295,0.04552617128404492,0.03914100436968155,0.02951048224947813,0.03264452032353649,0.032916677871311494,0.033226912092225426,0.03543329414359131,0.03679288648153275,0.02740659368049834,0.021841960573656068,0.01785236110170141,0.008543432461482042,0.005509087561091912,0
4377,0.005092029287569121,0.0010317457628079298,0.002067289051960227,0.0017413428766606337,0.003205882417074742,0.008293410997439,0.009365087283242052,0.018854830287436692,0.026575626404658628,0.04382625600212154,0.05566999767498172,0.05114609770321623,0.04640742162442002,0.03514697104755435,0.039830424965252055,0.039243181437459106,0.040177670961714894,0.04403912789868791,0.04422587453244365,0.032714680731279484,0.026951421103347514,0.02146184578310472,0.010506888888425943,0.006538869556325589,0
4378,0.005324105607181986,0.0015747415228769585,0.0015359711985557765,0.0016278988729824368,0.002984967549642029,0.0080605181874367,0.00745804015998527,0.018046297379172044,0.03352257306594436,0.05930387192618755,0.0717903450707347,0.06371203937397257,0.06473619455372438,0.052903968746498414,0.051130578354537104,0.05801016937759474,0.05656980444452432,0.06155528596430255,0.05635642053682848,0.0397877432872569,0.03040850582951758,0.025029355123952345,0.011008880669176437,0.007277241879791274,0
4379,0.008431459458396798,0.0007217074175070945,0.0013628193990216902,0.0009536073656464807,0.0029994655791959484,0.00783845426497895,0.006656381143585551,0.02004928720354842,0.03704846057842879,0.07444439445670684,0.10928001338818111,0.10574590244309448,0.07860378938394776,0.05775755444827977,0.0728554425000913,0.08865959787054672,0.09334340960247065,0.07946000052250687,0.07062740349122053,0.043339183653712865,0.03252427473654579,0.020823037080847446,0.00788126058429652,0.005103701413540274,0
4380,0.005404451670720668,0.0004456167598883735,0.00042122682147569066,0.0002808178809837938,0.0013877203896408528,0.002975056611942212,0.003235031772190191,0.01594630249214299,0.028102550678591433,0.05208459018488383,0.08283792706811303,0.08201263200061898,0.05794642763862857,0.042874220310130315,0.052893371965327944,0.06326974514209346,0.07372553475402943,0.0677819342117348,0.05607727131477912,0.038644943782801575,0.027678185362875626,0.01932136506183564,0.0068844466369433815,0.004824904930983173,0
4381,0.0020813120251781036,0.0003437307179726994,6.800282348078934e-05,0.0,0.0010670006370364527,0.0008717431546492501,0.002882319805857078,0.014863840220192586,0.02628815221788885,0.03857737342411124,0.050446080483132066,0.05233535091202109,0.0439289164302612,0.03484058691774854,0.03221213698466428,0.03608124529002442,0.04487432301346426,0.05655237883663691,0.046793525650502654,0.033926680936607584,0.022379391012888324,0.019543889140752245,0.00829150495906948,0.0052633837856513556,1
4382,0.0010687441713553123,3.770557837535549e-06,0.0001595625167436813,1.2568526125118235e-06,0.0014602571802118456,0.0008698044392072235,0.004169504883215893,0.01359664358456163,0.02994417497956951,0.037752357152297945,0.03843233773573115,0.04558105159681462,0.03998537359018506,0.03290772996879999,0.028284107719766038,0.031710143271758126,0.03196909829911568,0.04880462746766004,0.04590658576891304,0.027725671365478186,0.014591981277280182,0.015500485650827726,0.00857667032871418,0.004984275682775549,0
4473,0.002732751860216949,0.0014846874359440592,0.0029426318359468003,0.00454525521697462,0.02655864012674475,0.05172462052459877,0.0572617111016251,0.05983199400534463,0.06580133884478104,0.061314011073938114,0.06360127445631023,0.047286812464498076,0.027980984074199793,0.016379662707163206,0.006878104356551901,0.006751334191593457,0.00585029923786977,0.007210377845959888,0.007794293664230879,0.011231201471393433,0.012276135953741182,0.008344419093251572,0.003829284878618022,0.0037369814348243917,1
4474,0.000608337332688366,0.0005376509522999609,0.0028513219066304287,0.005831903597239302,0.03218452029913364,0.06115241491472792,0.06724935739050775,0.06915499165843977,0.07734117274652622,0.06926074401375816,0.06859087499947862,0.048729063166003964,0.02545163911141729,0.011597942850735884,0.007480590239671854,0.009670479305878991,0.008210532373163706,0.011327966165190056,0.012407663397677465,0.00936610206570748,0.005229950682554833,0.003621819862300636,0.0024220175446320324,0.002140959735908471,0
4475,0.0010131751227374685,0.000454585642895656,0.00287788591290316,0.005278192011369197,0.030081849913399322,0.057185734572747324,0.06363240903336649,0.0653414496985203,0.07075786830437161,0.06459847179321053,0.06392712421886657,0.045800299556955325,0.024200269274293813,0.012527116624988252,0.008530020414816855,0.010029549611328825,0.008983915558102028,0.010942757771730614,0.012405182798053048,0.009430836042035448,0.005127455002445648,0.004194651892532916,0.002521238288675341,0.001937722738243553,0
4476,0.0035319720084759313,0.0001970484285350857,0.002570283078721279,0.0018758681494778127,0.008793456681506207,0.016081048034417025,0.021047833484994435,0.025417818969501595,0.024911645874615012,0.030004946224908464,0.0352558512087533,0.03406058572479277,0.026495547682036193,0.02077023872322156,0.020565038682642683,0.02117651779956015,0.02212908072484522,0.01833997574146745,0.023144456740820694,0.017004465312863433,0.010604423417259697,0.010824225436364306,0.0055542880393656836,0.0026622859043425127,0
4477,0.005123764523539971,0.000405201945412617,0.002723690415172391,0.0013462974549409,0.0036497158086314417,0.007507715729673773,0.011109452883653564,0.01871915960730879,0.02235271045488892,0.03762117501432369,0.04487191995320515,0.04679513638034198,0.04142240709874565,0.03143246317019668,0.03331954773933442,0.03301832187348655,0.036331583594249615,0.03348038916853195,0.03779954640108246,0.026296000437423094,0.019908381857689735,0.01663533942204078,0.00848941734556848,0.0035619046901180064,0
4478,0.00651390477586051,0.0018767330083736182,0.0019985731908253746,0.0011171181725778254,0.0032673445672906204,0.00812744121352728,0.008786543069079642,0.01807333775133049,0.045014142339723374,0.08697209439609599,0.09180823297990554,0.090023412550619,0.09571854692657131,0.08530173617428889,0.07003812807365603,0.09087124881172401,0.08405421225063432,0.08239337309388253,0.07343707149032438,0.04688015731984858,0.03152597562225385,0.027234293659066565,0.011433881803975365,0.005972367202295651,0
4479,0.006552625757178083,0.0018113958042291916,0.0008885256626241253,0.0005923504417494169,0.0021876063246686977,0.0053775092665545145,0.004921816624229797,0.014519429454599164,0.047857885294707254,0.09315560416392425,0.10847629831376135,0.10687852508180735,0.10361471190246989,0.09222610176287262,0.08029043301472884,0.10855848449650961,0.10211046280412397,0.09535278482576524,0.081175922266475,0.049763794938327326,0.030501626765931038,0.025726619881598956,0.00965676701649344,0.00586075605835549,0
4480,0.005488411819225853,0.0,0.0,0.0,0.0006586617222735426,0.000793396555151072,0.0017395882249053596,0.010019640271805743,0.028518702367997348,0.05113293920505105,0.08757064242119068,0.09287727808388625,0.056611567281209633,0.0430668253598412,0.0602695564013635,0.07641962450297525,0.0812539650869137,0.06429904784958884,0.05627956974915029,0.032769823961218456,0.01849856519038428,0.011829020058633307,0.004123351168644802,0.00351087886924862,0
4481,0.0021849087035453723,0.0,1.990656715226318e-06,0.0,0.000508636312047014,0.00046045883560791637,0.002763895183723564,0.010815020850036211,0.02608601455723964,0.032150194629012994,0.0458020560748561,0.049394727567765466,0.04314963834502103,0.02978881187475819,0.03645275612634737,0.03849555312717438,0.04315789823651599,0.04694886037493101,0.03868106408311393,0.023390525449694992,0.013625994019787391,0.01009219887662074,0.00483471388689954,0.0028918942453154627,0
4482,0.0013334309094396616,0.0,5.446445836611839e-05,0.0,0.00082312201217559,0.0005042840964453557,0.003345747269888867,0.012112770231586741,0.02725371512857289,0.032179663619833904,0.03706277856124122,0.042890070897456556,0.040318906681149694,0.028618789956942475,0.029886603952676883,0.0312669274536221,0.03362383026039162,0.045275298347147795,0.03916527548860829,0.02356704201427675,0.013328386554851263,0.011580789584553164,0.006407890380129134,0.003614940752585201,0
4573,0.0021506687564799257,0.0014043371449645715,0.002683215654631454,0.00515621859655603,0.03273103626100725,0.0635016906764465,0.07334782035799844,0.07391247900867838,0.08120762105925834,0.08098507325174283,0.07723668530192668,0.056602052014194985,0.02963593579237897,0.02190128959479349,0.018001519322864316,0.019028727086875512,0.01622024220250123,0.01940442367865944,0.022676371751135804,0.01710866976062334,0.010876253300813262,0.006179717882826198,0.0031281488385179585,0.0019113448583287023,1
4574,0.0006148273718343853,0.0005862090712209765,0.003200218133232969,0.006136437039478096,0.03890176447517263,0.07414968157644826,0.08719034268347593,0.08424523446056718,0.08682748671634631,0.08039471166872379,0.0764934405378428,0.05367551545347829,0.024378442011744,0.013058568527406837,0.007208308134382603,0.00623557142825379,0.006405376741267278,0.00866559140416299,0.007357399418020682,0.007489596664918412,0.003405446301492839,0.0024011787369100676,0.0006656088695731376,0.0008210832525419174,0
4575,0.0010766939049909902,0.0006614201575311053,0.0022651512511812294,0.0047046260439339085,0.021778069538160735,0.039766189970104275,0.05054553893904585,0.04895119307405312,0.05511630786676417,0.05181839420464074,0.05019132936827789,0.03692795174566298,0.02108940809065037,0.012541089638737745,0.009745053906392654,0.009975825451815934,0.012095999539259467,0.014320746105425303,0.012858130421649577,0.011040847555798636,0.00732588272188148,0.003858351916334809,0.0015776658971056237,0.001379730686340192,0
4576,0.002024055202603671,0.000539727035190407,0.0015888634592775808,0.0025885437309331677,0.004190443614263971,0.005252517807767368,0.012347638091347991,0.013431043249748099,0.02010015286322594,0.020456527416566374,0.023529376497655005,0.022533990304660134,0.019768334403909925,0.013863659338780995,0.014231385864503223,0.01582070348554956,0.01874905741960392,0.018727501604743423,0.01909040471870965,0.014951656557795023,0.010363452010956,0.00679995280116517,0.003371342777239807,0.002213727597093181,1
4577,0.009990270052573812,0.006726675473119087,0.0019059088257225108,0.0014192019270735112,0.00314437249197987,0.003770910719711514,0.009223966069767827,0.012691463801574515,0.018697042974044245,0.025615399821863723,0.03636195846540885,0.04053677438811998,0.04083966235447255,0.022287043178187967,0.02448278126093582,0.026918201839546112,0.03281665092394007,0.03520939492553394,0.036242124068697326,0.016595805305021923,0.010615468152219157,0.010446960758188795,0.0045751302318354685,0.003270756838713269,0
4578,0.016088550748392074,0.011933968212661567,0.0016072287991492952,0.001164301765868425,0.0027760271982459283,0.0047090880054029925,0.007047599496470635,0.0130144990478191,0.028826182078556674,0.051131320980975344,0.06365426451775241,0.06511455568685882,0.07255882776193166,0.044563281840416656,0.04390396690620143,0.05262411290101047,0.058653659751188685,0.06603214234149934,0.06139448493976446,0.025569196938295985,0.018375773410355272,0.016059412494311955,0.00594644218718553,0.004566997065998915,0
4579,0.006185798704454328,0.0038140425658703668,0.0001682960106134655,0.0001005825582999006,0.0007882543663295244,0.001650433947671324,0.002609703452262814,0.00933109977799829,0.03413582144124546,0.06206679717458686,0.06597759037626591,0.06619980821747914,0.07133783885012063,0.06258687937051272,0.05477046489954775,0.06808221761126299,0.06894620964685891,0.06971467770621187,0.06250990848431023,0.036358002653850134,0.020319536562725067,0.017732702450994595,0.009450652578032362,0.003938058772648328,0
4580,0.0022141516424262035,2.0820572369563574e-05,0.0,0.0,0.0004771990348886597,0.0014056599286891482,0.001660611365739888,0.00829030028912727,0.01785704868537411,0.032801653871251,0.03799669557067208,0.040096391583531205,0.03349662646175435,0.027799205931282475,0.033883492601622725,0.034918118289219556,0.04189887697329868,0.040555867911749054,0.03570916564587076,0.0222365384406079,0.014199457259472173,0.008628951204942788,0.008499543878544957,0.00178140401412953,0
4581,0.0015104755890711441,1.6300819268914784e-05,0.0,3.260163853782964e-05,0.0003929451670470098,0.0004474934339438541,0.002667364461853159,0.010878527323668155,0.02433730714008283,0.029220956766880746,0.03542965846399558,0.04008576404015942,0.03959114651895644,0.02592934334262031,0.030928277049108305,0.030667510743305492,0.034845345871547855,0.04237926642638136,0.03469472939306105,0.02112421181336164,0.012664583088205212,0.009037296398854816,0.005656823812101702,0.002568984378041985,0
4582,0.0012591487475371714,0.0002601363097025306,0.0,0.0005202726194050612,0.0003929451670470098,0.0005220997544005371,0.0028291022807297355,0.010918666643408842,0.025754675444511915,0.032837998852938005,0.03899795989548089,0.03970992396293221,0.03853627202130129,0.028938787643863817,0.033830765769699345,0.03332527499506146,0.038301598506323926,0.04318747151242088,0.03707787744002366,0.022338787204748488,0.012205548285153989,0.008684121471974381,0.004474869593331669,0.003218393177785793,0
4673,0.0025739176498561977,0.0018141053932317402,0.0006414808668737134,0.0018786981117955158,0.007132180101596384,0.011073596767070764,0.015307640794303698,0.02144559923359231,0.02918632048145039,0.03322385560607942,0.03530449999842171,0.026915773714823954,0.024474604737761498,0.014940310429702217,0.020680099106621816,0.010958004204992619,0.015222581742891955,0.01740166857511093,0.013395194365205634,0.01658202564088977,0.011226781624630174,0.004862231504719945,0.005096743368627798,0.0019262101207972089,0
4674,0.0015318556496043102,0.0010166880806270707,0.0017684673541786288,0.0038457691325741845,0.017639410610267574,0.03186014054182825,0.04035719965730931,0.040958906735174896,0.04750732612063375,0.046044779987908104,0.04548910412265965,0.03383613390111608,0.02181781759997306,0.0128487715443885,0.012882259874406346,0.009755497182307303,0.012429464331816962,0.014638268957758377,0.012431976540960976,0.012388623872465985,0.00819881323257984,0.003981765460163229,0.0025589569821157974,0.0014605536164653424,0
4675,0.0014667634642484568,0.0007135865151120431,0.0012760334217152818,0.0031917107996532143,0.004757918016061506,0.006198680397166999,0.013602120168425158,0.013680515817383235,0.02293206640795481,0.0225280330592173,0.023271198592051272,0.019110997807743862,0.017242976576334217,0.011470922158403679,0.012107121161242535,0.013499890244833349,0.017203796095783312,0.019469370722636332,0.01771872861402557,0.014234666621314456,0.011237673752246847,0.005225426082341847,0.002405432146758697,0.0019077016018330727,0
4676,0.0014667634642484568,0.0006679924984736432,0.0012982283763689952,0.00298622450000797,0.004014039610349284,0.0049392312895864005,0.011754292495462868,0.012089413802470686,0.021196515199109665,0.021366872688666685,0.022683273744223003,0.019886561025671955,0.018751465137094192,0.012323907206271675,0.013267493567778671,0.014473445350380762,0.018676237132556946,0.021467671500376862,0.01890723014587456,0.01444730241647168,0.011349661387470953,0.005638769322057353,0.0025981836184065473,0.0019530067895784304,1
4677,0.016936421661761215,0.013269079739999768,0.0015847207151894326,0.001296822904364509,0.0027409427115905227,0.003560504840868039,0.007078209597312526,0.01132445484202857,0.021259649235286584,0.03361846179285619,0.04748973256136622,0.05069318498175828,0.05674650587818613,0.02597285196993134,0.030793374555301234,0.033592115580543945,0.04401457001352257,0.05351209805317688,0.05089198196286689,0.0166592825672163,0.012650007502757962,0.011102162406191355,0.003922330947961884,0.0037100588185491772,1
4678,0.014325289189505383,0.009705967633087668,0.0011710565530030402,0.0011145877493595722,0.002321476375400269,0.0028424398035291074,0.008925521579021281,0.021424360089596754,0.0362485938237586,0.0483127058765217,0.06769613959167234,0.06199470008062737,0.06827745310034274,0.033652340372369006,0.049561132761946854,0.04892170928129203,0.06026937219607944,0.06636348133550535,0.07457814611200615,0.04334773944624948,0.03075469739296201,0.019681468190758836,0.008404486273256177,0.006400633270287719,1
4679,0.007283635525965622,0.00298826336493166,6.564856305675357e-05,8.47923010167384e-05,0.0005240472818581334,0.000800440168002866,0.00714659480468134,0.025101530540177407,0.04747712207066004,0.061741144527707396,0.07586885310523221,0.06819967983425014,0.06977653781857336,0.041536503955963935,0.06577061336835456,0.05940515158973149,0.07187488748592073,0.07345099273096913,0.08818399360620792,0.06179782042600822,0.04130136500825415,0.024782170411468508,0.013518130908898586,0.0067190310239315714,1
4680,0.0019077203710652717,0.00026620614319988186,0.0,0.0,0.0003929451670470098,0.0015062898070145113,0.0025056235186385633,0.009997885888252947,0.021203458162450107,0.03586824250647975,0.03125757802854344,0.03369516399692065,0.03329755146027875,0.02661976001270186,0.03335625560883031,0.02993333536265182,0.03757447610918734,0.03953835260223442,0.038572883960246766,0.02476252735256413,0.015468070143224183,0.00940168008757562,0.010693253841259088,0.0015760233666899145,0
4681,0.0010242662692923179,0.00040646947042852834,0.0,0.0008129389408570567,0.0003929451670470098,0.0011552479916413214,0.0022537378866960924,0.009469024184955984,0.02143319514032602,0.03501291574301871,0.03555686098157924,0.03305570029391324,0.032050311042619295,0.029429415232424906,0.033384452041048195,0.03196301024173857,0.038837633057814035,0.039755627465903616,0.03651462808561052,0.02224397743555629,0.012159817334796994,0.0076512511841400985,0.0060027691330050694,0.002935695105204146,0
4682,0.0007986690387112268,0.0006676873163622236,0.0,0.0013353746327244471,0.0003929451670470098,0.00092965076106023,0.0027761735785634834,0.010323918953462278,0.025683921905970353,0.038990551124263875,0.042336651437389836,0.03614282029129952,0.03414599057929969,0.03337142999831748,0.03767673619125596,0.03642746069949853,0.043408945361631805,0.04279525330947182,0.040231045620921994,0.024042818510950394,0.011572077181435231,0.0077224924148453075,0.003586504058107439,0.003980566488938928,0
4773,0.0026794850645277275,0.0018527484622252242,0.0002912253188384323,0.0012973756090785724,0.002881497585566552,0.002198129350124082,0.005476248803723697,0.012924182057736534,0.021552230855987647,0.02650857410671882,0.02988417534610618,0.02341435477555564,0.024988999803327003,0.014633849946121798,0.022054490186316684,0.011611842478097477,0.016799668307063913,0.018277946132449163,0.014088977887190745,0.018087451452179385,0.012007719317513032,0.005144666877623409,0.005744241821564247,0.0020395081264751353,0
4774,0.0022649331845969716,0.0015600517306281168,0.0005000100499488935,0.0018648320662810432,0.003163909284537245,0.0029935637470704084,0.006999217020388537,0.01212756261553187,0.021082479785291,0.023663908901310544,0.02651674142780538,0.02126340694410796,0.02203276712402957,0.013766853070110049,0.019171829047580847,0.01208564193316651,0.016189154224018162,0.018959318078398305,0.015300082980286681,0.01719703173290556,0.01209158329459076,0.005221064446521486,0.0045621234382242195,0.0019376114993468118,0
4775,0.001294434080397846,0.000855398727447302,0.001079841601329652,0.0030536479863607713,0.0037544793023136084,0.004678298279413688,0.010504309731868867,0.01215355029603592,0.02487589360514781,0.026563038825522366,0.026778367317334507,0.0232763554347771,0.02187908702865092,0.017390142910395603,0.016527610290048646,0.018398900936279276,0.022147779408191546,0.02689223031800741,0.0255462396350629,0.021270697889962855,0.01471162412216552,0.006652710827307142,0.0031591210041627626,0.0024406873040362736,0
4776,0.0015840217034691502,0.0008488688720543508,0.0011728564430033568,0.002414351724140437,0.0034145472282832894,0.0040209646240691385,0.008015313704858144,0.015121863887533546,0.03373821093739634,0.03888803993473392,0.04244857174653571,0.03993292970902123,0.03607005982667507,0.03638913451411231,0.030064592178177113,0.0356610661788164,0.03891301015440214,0.04038362956637648,0.044216773220604896,0.035241023473193,0.02015768072512973,0.012758065299658611,0.010281935529584174,0.004582005416192274,0
4777,0.0039291352713451575,0.0026385723429778202,0.001376522774706249,0.0007430105606504343,0.002818691048808868,0.002534246069854647,0.004222682574217655,0.022684589978519135,0.05050587962307445,0.06206731974423995,0.07063187301164715,0.07212879891415182,0.06646606200151975,0.06890629614760858,0.06328621337521126,0.070276482535765,0.06936584905569404,0.06762843734016818,0.07615790149358506,0.06129737965631295,0.032602106544172144,0.023923394531656005,0.02215867553773792,0.008319881447249714,1
4778,0.004544303807839251,0.00274210317920442,0.0010070212009950276,0.0005387119598600065,0.001171193424174092,0.0016163724322462698,0.004305452919775797,0.022584270827285046,0.04681923252897288,0.06169121129971684,0.07250075843395676,0.06686818659809174,0.06662305140011106,0.0557952511565789,0.06320577471416025,0.06278008996036581,0.06851381105090573,0.07623872560339869,0.08411556041431101,0.06873781322330799,0.04129163406715423,0.02538427146489408,0.01510250118594444,0.0083199344005692,1
4779,0.003397238668949993,0.0017069138156266008,0.0003860962239583236,0.00023165773437499416,0.00048530634627263114,0.0013896964860559862,0.0041489856485648,0.01865548533324559,0.037370673915036096,0.05218428521112833,0.061011123181056275,0.052597861472714676,0.053449388873855086,0.0409035321324769,0.04881169215003823,0.0466820307299401,0.05651996220208633,0.06600118744552134,0.07078188385973445,0.05526969281044427,0.0341626870014063,0.021231121401773242,0.009260587888749549,0.006325094593007113,1
4780,0.0014232543467432377,0.0003881351943818912,0.0,0.0,0.0004853310003068858,0.0016688256698541193,0.0018867495817845423,0.010088260412657892,0.020249317195200924,0.03477642957532926,0.03314629466869989,0.032185093686352785,0.03243335085891792,0.02839664063013021,0.029969779101979364,0.028946026447471487,0.0362364651789685,0.04224593501874025,0.038620653699665775,0.026612000397132116,0.016451122385990648,0.010523979392396547,0.008807961633004706,0.002420303585603085,1
4781,0.0009797194900640926,0.000437907806446067,0.0,0.0008642092681508411,0.00038238700296169744,0.0008482560965087256,0.002360760319179778,0.009748805842868063,0.02436333862290774,0.036526970949006095,0.039151817381236596,0.03669629130535498,0.03540834095208994,0.03094238503568515,0.0348660098927969,0.03477252495911398,0.03995434443917536,0.03924774432018016,0.0364350408131471,0.023446670210394545,0.011734846550830931,0.008375609103268141,0.00482008369980528,0.0037272335993765713,1
4782,0.0010818216706563206,0.00041769620437251924,0.0,0.0006572362953572743,0.00023087851126436844,0.0006161542402290392,0.0018265485464089182,0.007896745029666892,0.02367954554091862,0.032962008892841746,0.03761094217457557,0.036839300862047876,0.03533358781108559,0.028481158365386235,0.03278212967361378,0.03248095010061812,0.035513605033625655,0.033393931071587626,0.029808196284948598,0.02192227415425691,0.010573275873245372,0.008409097849745788,0.004040000745938213,0.004082071086206151,1
4873,0.005113083459463449,0.0013894947201463475,0.0009891788021706206,0.0018380738423413006,0.004399337630207474,0.005269021684609041,0.00784951469614108,0.024141823508211965,0.0569454657956994,0.08994989664979666,0.09117212115340317,0.09037057620985808,0.07201566780267311,0.06071271429182731,0.06488955860313718,0.06606430207581838,0.07494444164692256,0.08068276694205928,0.07995105625999284,0.06251187578407906,0.04391552357163027,0.02494770681003873,0.016200833302229465,0.00932513971386401,0
4874,0.00864582143496101,0.0019306558136934209,0.0022674677314898028,0.0035452806876550224,0.006357550669328291,0.004968959057181814,0.04316093891159051,0.17762684823300817,0.2974220576313919,0.2375099742570147,0.20226598615788777,0.1748675709090891,0.1798372024025244,0.24817658607379406,0.3800814763394054,0.2612527530997483,0.399262589249718,0.6710737652101768,0.933988113061237,0.5114664586727639,0.20610942193829557,0.13278515772737515,0.06219499630716511,0.04073356322913279,0
4875,0.002219349557545957,0.0016991292644570684,0.000959636965186935,0.0017181616278508082,0.0014197962129680213,0.002660314747190442,0.005988783666508007,0.02491942641534598,0.06946090842543287,0.08098322599690747,0.07168367510024079,0.06431412915096106,0.06479825402874977,0.07663809111129308,0.07735943364882401,0.06621295129206181,0.08275416757879649,0.11614196968833884,0.1367582147028146,0.09503717052947036,0.04562871809323346,0.024667606785978142,0.011113880321757136,0.008093226964237074,0
4876,0.0018107873817916134,0.0014925471957685523,0.0010384193291902825,0.0013828529493064006,0.0012958044897196206,0.002556430475831401,0.0031800641007436515,0.016078691080421884,0.05292519847668691,0.06838765320770523,0.0654173194000672,0.06138052043419325,0.05811895279138936,0.06756577536676481,0.05768986393646969,0.057732670312443994,0.06460357088078916,0.07722006185997446,0.08445930811292883,0.06629519323519446,0.03389176658763489,0.019517739441471043,0.012229147248323559,0.006686868092490751,1
4877,0.002275645872047998,0.0016668088625244018,0.0014062059339326788,0.0006088053833871012,0.002128019634022932,0.0020150271303880276,0.0024451358173137325,0.021519726918744788,0.05281937101914282,0.06584525658080974,0.07233898666583684,0.0756351647319428,0.06846349067892102,0.0746428970717685,0.0677642798447776,0.07436740991097603,0.07309259654962807,0.07359526239987423,0.08161099922664831,0.06760317842666014,0.035251900047631284,0.025424115906772685,0.023320860782952573,0.008700707709013452,1
4878,0.0015899134390184033,0.001702941285413678,0.0009983190631816423,0.0005085172750019449,0.0013135391310401616,0.001966899446137557,0.0022110550864257975,0.015943268177386238,0.03742786048121579,0.053727537633891466,0.05525814816328344,0.05219223075332094,0.050084879193975314,0.051830047026017664,0.047418718751150786,0.04891551329473557,0.05299708555623328,0.063709171661408,0.06341617243118147,0.056328814778281645,0.03038664880754317,0.019711192953625462,0.011667280962374835,0.006465341417201722,1
4879,0.0011574903264137308,0.0016155095969055794,0.000812628758218668,0.0004875772549312008,0.0005230485626714235,0.002152454901183728,0.001885694091228386,0.012349579707747348,0.029494555655621986,0.0461891625329608,0.04670484749694954,0.03905992861305485,0.03920129934249351,0.040491848941902296,0.03477327501053776,0.03566359879537801,0.04304911528775477,0.058452038244556005,0.05572530209227233,0.048201474260067476,0.02603367479065205,0.017054623818892688,0.006140410568702314,0.005474951913073836,1
4880,0.0008793516195510125,0.0007951429040961138,0.0001238899350708295,7.356382066391238e-05,0.0005799822913063467,0.0016145984503430813,0.0017833115403013047,0.01045641315378555,0.023504681506554943,0.037601134748235024,0.04007567079796891,0.03390681947943873,0.0333851295391074,0.03145483549636661,0.02728228728584969,0.027555801789453962,0.03578308677202699,0.0464258387413965,0.04201825701933766,0.03508109963919308,0.019474879491277915,0.013874181827637364,0.004612591355224002,0.004049039629947306,1
4881,0.0012997856145362345,0.0002345836320842597,6.4617782166981935e-06,0.0,5.868146248073477e-05,0.00038232616166523166,0.0008656159641029664,0.005832502929953007,0.021525688647873145,0.027574333205878432,0.033105187698039634,0.03722560495349317,0.03687326112834421,0.02366480147017155,0.02780587017422219,0.028387368363609347,0.027874037236339123,0.02578148349113287,0.02081414100318918,0.020537957963059437,0.009880093263552558,0.00926641520373779,0.004442271461318131,0.004045875435976759,1
4882,0.0013355048501744286,0.00021597775124889806,0.0,0.0,0.0,0.0003239666268733471,0.0006964180550487538,0.005068865590549516,0.020861501445777163,0.026155191246196592,0.03207912138312068,0.036742043163542,0.036266320971010436,0.022673100970952827,0.027232751987017998,0.027444446189890396,0.02642399942754617,0.023314298500055685,0.018208029461646562,0.01925051477003144,0.009159095575835162,0.008874922492666632,0.004275477932896642,0.004063845810446365,1
4973,0.00678028956208602,0.0007554107664678729,0.001309859752066129,0.0018940000748019535,0.0038812869512099167,0.01224008963823692,0.009308202350867358,0.037874981164144526,0.10219363403713665,0.1929795372932305,0.1735440047617125,0.1857019223661419,0.13911868887367657,0.15640107775988213,0.1354308404423809,0.13973485953861614,0.1466450890446507,0.16877895477617935,0.17363966666568822,0.11672207044638905,0.10586640071719298,0.05747109725976817,0.03634726783968609,0.021724671945949396,1
4974,0.00812817387386891,0.002165356659203736,0.003210760834313234,0.004530046016341593,0.008614034728103959,0.007376289775191915,0.014091584539067642,0.02974050086722905,0.05101169841673337,0.07625908317468512,0.10025349884629088,0.0762240328301968,0.07490987378943796,0.062357906318388764,0.0821088821212143,0.07604568159203226,0.08960893566923377,0.10540454116548727,0.0786597026550276,0.0655091220303085,0.04602317376688707,0.030953737329934117,0.018547578063617225,0.010451954502055156,1
4975,0.003252193382437337,0.00182004565552929,0.0013863316268293224,0.00209386170530831,0.0024793184136519945,0.0030418560585215608,0.0056641134987814945,0.017890303442269617,0.05348085073343818,0.07029118715950192,0.06908445078507204,0.05941076426657461,0.0601140270190739,0.06294013367532586,0.06263355370693034,0.05711288542415322,0.06777171876168465,0.08358506994053493,0.0818344823631919,0.06616205875045739,0.0363022553932637,0.020387485289941245,0.009917471350876315,0.006829609692990526,1
4976,0.0018294892419155402,0.0016483448927027224,0.0008615076612262796,0.0012524045484103837,0.0009403691398264571,0.0025392446501928635,0.0035235816922165263,0.015655491707017015,0.05468579608641215,0.07067056186319676,0.06390415903101909,0.058266409029529447,0.05731844073786088,0.06599764759362405,0.05933101867121522,0.0545139041891598,0.06325149170609852,0.08057833384983326,0.08592907792413614,0.06768884023348513,0.03516777274331088,0.017936388063258823,0.008382894450133913,0.006030598298849286,1
4977,0.001881214021627878,0.0013688486472724225,0.001300363314353452,0.0011115181025287658,0.0017315530268785725,0.0022851254587810325,0.002523116550033985,0.017780690585017408,0.04969684275419656,0.06323334840745383,0.06701451028657177,0.06708697964839112,0.06043534041825146,0.06887650898953754,0.05805562784696599,0.06429044691723508,0.06717777623795952,0.07084322809403588,0.079645962160153,0.06352518480258436,0.03243503731810685,0.022562518743699793,0.019015685339954812,0.0077618371772789985,1
4978,0.0012860031532769937,0.0016560583772896632,0.0008796007701670343,0.0005346538346705938,0.0008293115714051424,0.002074401848036777,0.0020193405819451424,0.013379219831502233,0.03174321003346536,0.048638036177646386,0.04902697214782271,0.04293284995550435,0.04242139696494114,0.04366824826914911,0.038547909910168876,0.039308483743076154,0.04575184419515086,0.05993491641637522,0.05769622071972946,0.051107697549242756,0.027654704465786467,0.017712412728497103,0.007610966141822912,0.005727586661588907,1
4979,0.0011657740799149866,0.001642864386974839,0.0008321608830996918,0.000499296529859815,0.0005107740630475052,0.0021670741033160503,0.0018595833695127493,0.012308824575805316,0.029532486923866317,0.04624460735291875,0.04673252551470435,0.03907563840841765,0.039269597533218306,0.04058524332461828,0.03487845737483315,0.03570606644084189,0.04303303005713232,0.05857758501158958,0.05583024732926143,0.04843886653506598,0.026139796286078158,0.01709599194857339,0.006153695803712136,0.005503089683183701,1
4980,0.0009039813974676805,0.0009708464473135488,0.00029300127972524376,0.00011102010616804036,0.00022924305165454605,0.0014027250582175363,0.0014365963021038498,0.008243832490524901,0.020820518078109716,0.03238050037285586,0.03534398123941177,0.03062106883247622,0.029885443870204493,0.027070833649938012,0.02767872872077068,0.024520491644023534,0.03213906797156825,0.04503146798746989,0.037880307284467736,0.03148412342338849,0.0167456201029519,0.01109742414304711,0.003914424708436532,0.0033620625984422566,1
4981,0.0007937534681431652,0.00021597775124889806,0.00021016235780814006,0.0,0.0,0.0003239666268733471,0.001424861897804759,0.0038346041173074074,0.01429093088898506,0.020272828392935757,0.023258569806330075,0.02581232284446708,0.02172696336222963,0.015660411715196557,0.023422680669073964,0.016746682211971495,0.02378700096953248,0.02990527627619634,0.02157543682588796,0.01753798274438462,0.00832839257606799,0.004774550796094263,0.002542211535058182,0.0016967405117124562,1
4982,0.0011318653070814054,0.00021597775124889806,1.089075514973043e-06,0.0,0.0,0.0003239666268733471,0.00038092127570549706,0.001550481695114876,0.009452113298424188,0.014399200559106389,0.014895735814799064,0.019918494788287857,0.01688534284303345,0.010993645533495784,0.012578008637892005,0.010889876029225344,0.01360857209066099,0.01368791197995692,0.009908968730416893,0.010018810000076971,0.006132009468987743,0.0047546383950600735,0.002469305756242955,0.0017497338894934932,1
5073,0.012520485509341673,0.0033190394375707897,0.002651190202201363,0.0033564926053773164,0.00467693645764059,0.007186713251032883,0.007818631762372396,0.050376168020141894,0.12100993318628411,0.20139979540777353,0.23594987386202368,0.20714292527496317,0.19771245437935506,0.17434106553308687,0.17618150254983975,0.19791659302523645,0.20064163959371142,0.2277843092800662,0.20650622764645757,0.1877337609299641,0.14930095240853733,0.07254953766100036,0.04643620327121531,0.023293597536076495,1
5074,0.0055556043120170585,0.0013083095928548016,0.0022903350241206396,0.003284889468247981,0.0033590754067520942,0.004683004859004537,0.008857574380962617,0.03089041605830621,0.05525559674163621,0.09126966770575735,0.1066106474163173,0.09584347732821942,0.09330457796465981,0.0772914617892149,0.08949753266074692,0.08653671681487836,0.10698407371453332,0.11169181743602682,0.11825080321392782,0.08396478845143152,0.06404648044038765,0.03865837271301066,0.02488533542344916,0.008418072957054075,1
5075,0.0003082313043904992,0.0003361559063438666,0.0003785215931300289,0.0002033533792068057,0.00023143453973816828,0.00011037728672179751,0.0025432458047637196,0.012445413595078112,0.03174056386378351,0.03712516885645012,0.04060098091537311,0.04318247872956502,0.03840856850186708,0.028616983318068896,0.03859901949077738,0.04006354922311368,0.050690412527210287,0.04679593684102936,0.05891798117000358,0.044524171087719444,0.030211990025538357,0.021733269612949784,0.012804346929170042,0.0060285429815674346,1
5076,5.854040255271186e-05,0.0003545685988968749,0.00033505513137930415,5.951746168083547e-05,2.0490526645694203e-05,9.805586715191484e-05,0.0020369851525186664,0.01188880747532815,0.031602279444053784,0.03680612543238268,0.037869488619536915,0.04194525187436813,0.03750889015991044,0.02810359534995911,0.036690217810008786,0.03929101268845853,0.048152884391877676,0.04514057837061031,0.058300627104822894,0.0436833114713464,0.029310718407696702,0.021718922850378866,0.012386980506243681,0.0062982893887279815,1
5077,0.00041604523436965165,0.0004930909005195299,0.0005667956868945583,0.00015977142087456075,0.0001949291797686928,0.0005317787845321614,0.0020231057137897594,0.011913210339889348,0.032491702295200424,0.03891214440482817,0.04480686370244857,0.046961694754051896,0.0398404466261581,0.03653529886138214,0.041359998752563756,0.04283718273660047,0.053433564237089885,0.050224540770489386,0.0613846750365249,0.046961873155796446,0.029404763034535646,0.020157549863681967,0.013854795766713005,0.0053266082270752475,0
5078,0.000767531829523537,0.0007976163705056009,0.0008477658831539562,0.0002779383055829052,0.00023392687562306383,0.0008648116947304819,0.0029868444343499885,0.010918876246984593,0.026958353713626718,0.03553281146871535,0.04106782027533786,0.036890420277072754,0.0330990508874044,0.031002402338933997,0.03594092067224024,0.033396103662992664,0.041939638415569164,0.05160196058467643,0.047941166401547955,0.03814883135750171,0.021006112245783765,0.011203886320637424,0.006373822730101135,0.0033754760070578856,0
5079,0.0008517418235399658,0.0008857628760265602,0.0009192560554393684,0.00028797708526620346,0.00016559341018893787,0.0008333975496584471,0.0030447325509880153,0.011094799807425611,0.027748082037092853,0.035739541171504415,0.04160528376765417,0.03768363558507025,0.03442147711478856,0.03170382149563618,0.03822223496337241,0.03552614784353203,0.042567587214146364,0.05431791617549131,0.04956167852614144,0.037361203564671035,0.02007820386768756,0.010538751068729075,0.0063249145420032175,0.003256550003077393,1
5080,0.0010189067511983823,0.00044182592282860885,0.00038970930295124874,1.541715590515916e-05,4.572524464184258e-05,0.0005631059980343103,0.0020325651510929702,0.007755010633569241,0.020961123633359603,0.02966794074173239,0.03465219977287764,0.033658073111311804,0.030607567558591092,0.025921794537010705,0.03345041852297332,0.02877518030906994,0.03384162898766323,0.044984964226459916,0.035540115789150846,0.025132870426950917,0.013878024185016415,0.007277197792977655,0.003958434258161958,0.0022451985106656724,1
5081,0.0007635558608920015,0.0002170683840760287,0.0002623690852522834,0.0,1.6778332741915365e-05,0.00034954634496484294,0.0016062703069356654,0.0040846029550566446,0.013749285970738464,0.019958599564979747,0.022636944093720412,0.024007303382230435,0.019862623171969514,0.015523608732322133,0.02379373246682595,0.016434866556997493,0.02427488165669542,0.03223466242373818,0.02360074663118179,0.017899600721971397,0.008737175955075954,0.004424028919997621,0.00242715796984865,0.0014737148692275774,0
5082,0.0007050393681979699,0.00021597775124889806,0.00010237390428572698,0.0,0.0,0.0003239666268733471,0.0008358361483019819,0.002098012827763038,0.009754583584804638,0.014627270312465964,0.015790781961851404,0.019368371547892903,0.01605672913358838,0.011049736077419285,0.015506924327724957,0.010985314558587582,0.01585672573050144,0.01966967908017761,0.014227253814116533,0.011625376553098643,0.006363432391608883,0.0038663155122687118,0.0020500614756234796,0.001280655287321607,0
5173,0.015777336702908193,0.004777777699157801,0.002838644698635235,0.005456884988993467,0.0054338643117297965,0.0020292273011455523,0.003464034493903738,0.04464822915005281,0.10807270264012053,0.16790444095681384,0.22215869376993425,0.17913226142859814,0.17803055247712218,0.1543070903084409,0.16043474938430877,0.16068843154004064,0.19638104507304205,0.18829086311795698,0.16765843696920416,0.1951416909444024,0.14448059670706465,0.07499285736365346,0.04552785779362216,0.02472464772824936,1
5174,0.010077362450832133,0.0020691497797173898,0.0030139337331431034,0.00531297437973155,0.0018461197236445861,0.0016356762495723482,0.005892327986871606,0.04446338755977994,0.08197755317033635,0.1415068592760933,0.1623769958885506,0.14930201532635873,0.15397234816290387,0.1197610911150904,0.13047542410976803,0.1274186148945413,0.17002019938469262,0.1558536297028489,0.1815316392903531,0.13932011324631496,0.10845498190033967,0.06348469617871977,0.03908751653286388,0.013006230550371894,1
5175,0.0029357263546654203,0.00018706825450458316,0.0015431311673038848,0.0020579942984725185,0.0,0.0006859980994908394,0.004081098667673544,0.025396685277175767,0.04893759531960999,0.07725088396885381,0.08273902589458776,0.08505219712754768,0.08474521510423315,0.06247285755511463,0.07298202144027911,0.07540919395085895,0.09735285598298093,0.09157930079973091,0.11471367236138645,0.07577122823483891,0.057651035871726486,0.03591383426303714,0.022728577516278874,0.005844973695781806,1
5176,3.079134964353847e-05,0.00028377979218255123,0.00026838411736078205,0.0,0.0,0.0,0.002162468613708026,0.01174449776896703,0.030736546325822404,0.03552062141487868,0.038908514568672295,0.04223640736543474,0.03661082484097463,0.027728078708399335,0.03730512923225717,0.038702932383969844,0.04919476471510921,0.0453064694889574,0.05821981093474876,0.043888100552697595,0.02971407485349058,0.02100108396741085,0.012479948574842395,0.0057283926432416385,0
5177,0.0006098044647456005,0.0005009174049212243,0.00026647610980264194,0.0,0.0,0.0,0.0022893917738570943,0.011283648526832174,0.029089986580200976,0.03399430528107017,0.03663771357133566,0.03847421589618295,0.03308101940740674,0.026325823558747817,0.034066820197632075,0.034235002587394064,0.042742956635944705,0.042238696794981705,0.05154701419503378,0.03929931201838168,0.027102838364084704,0.018328489516647593,0.011096639369210496,0.005631268925648591,0
5178,0.001399781693469404,0.00026701796696275193,0.0007454995480463995,0.0,5.845552198760487e-05,0.00011691104397520974,0.0033751476948257896,0.011289702316789213,0.02689507498859882,0.03017252757352785,0.04291054695769695,0.040464005959338814,0.03234343973416477,0.02632700043830866,0.03874940101840426,0.03504818349469821,0.040478933930705514,0.04487610482366726,0.0453796972396173,0.03272730033532896,0.02121198695854998,0.009488077973237367,0.006969246561963814,0.0027862788824850097,0
5179,0.0007756732606515361,0.00021126954301936676,0.0006359218403609785,0.0,5.455900131862198e-05,0.0001314019079540697,0.003461787953683461,0.010190224525434574,0.023676151241647816,0.027501073892766764,0.03688142942296145,0.03304885679007229,0.028112612666268192,0.024692667571149574,0.036775975169716944,0.03208433785513809,0.039829440207543115,0.04749152314254655,0.04268196081570784,0.029595461044746852,0.017037162218760015,0.007465125029548052,0.005905251185564849,0.0023933993372085194,1
5180,0.0014156847719700198,0.00020851443339058595,0.00039060767494805763,0.0,0.00016451701115893864,0.0005566267572585538,0.0020469344512923557,0.00736123075293304,0.01754597640727869,0.024832854166820278,0.028185850270893237,0.024730881669882555,0.023198475456447366,0.023374454978666314,0.03188054838375645,0.027228385694821836,0.031551598143070396,0.04244271652807154,0.035688116740735194,0.02314703279090808,0.013512070262724406,0.006695460806368735,0.003594408493453677,0.0030410014789466924,1
5181,0.0012183797513141577,9.939330732479546e-05,0.0003816651892842606,0.0,0.0001318292724715786,0.00039979571673554113,0.0020053276839791883,0.006260058741059447,0.016224437119453438,0.022695771534646383,0.026056648983744334,0.02418182765018239,0.021775699952895425,0.020724861293777406,0.029461216214009517,0.02409808375939338,0.02915390343465464,0.038607222616189756,0.03152711242103001,0.02078634163118732,0.011850216085189663,0.005680650471901677,0.0032136507219749978,0.002480782391039054,1
5182,0.0003115076602064845,0.0002057336268585869,2.7227110776823724e-05,0.0,9.477684427054487e-06,0.00032755580914198913,0.00046369136302610805,0.0013295540681063024,0.007361083047044897,0.01074983250617423,0.011651833029017023,0.015173998448692027,0.013823913642827656,0.008690658518663906,0.011778938717529119,0.008798705803303757,0.010771451153721646,0.01316203388782776,0.01029364967175665,0.007680895046565771,0.004877764819223645,0.0033155451138723326,0.0016315835885314526,0.0011964456063664768,1
