cellid,smsout0,smsout1,smsout2,smsout3,smsout4,smsout5,smsout6,smsout7,smsout8,smsout9,smsout10,smsout11,smsout12,smsout13,smsout14,smsout15,smsout16,smsout17,smsout18,smsout19,smsout20,smsout21,smsout22,smsout23,h/w
4273,0.0032784811223202826,0.0002056901611838708,0.00034279791205754173,7.487320716740195e-05,0.0007268481094224771,0.00142177870554789,0.0023770652568470443,0.005600915274870771,0.007133573452251844,0.010909058049268975,0.003902337705105814,0.004526971598057585,0.005925047289435993,0.0065172444385879205,0.009705404589882715,0.005642982689139249,0.016386774891790853,0.00979786355074262,0.014838039521369457,0.01068109420571676,0.009930749751602538,0.013550283691884862,0.013481724007639128,0.005163176359370749,1
4274,0.0015069484505300698,0.0002279840197145121,0.0009657707777622689,0.00037870342849908787,0.002086081444018359,0.002713069952086075,0.005755954178114441,0.005374375444227196,0.00988312865734328,0.005771767127558815,0.00820812079783134,0.005657834571090767,0.008728248528355367,0.006605971858350721,0.006847991668335006,0.0065419782684711745,0.006142928185338442,0.006302248639451922,0.010342397291195602,0.004894893654043801,0.0032179385735678495,0.0034446773567599212,0.002933442359215025,0.0020266383701833535,0
4275,0.0017905725933272509,0.00040716259656728627,0.0009488149214280236,0.0004262352901319412,0.0018639401622839212,0.002225438567224037,0.005347785130178371,0.007401625516766221,0.011952563139295082,0.008039820244125388,0.010802906260977565,0.00727040674664467,0.009660919146084206,0.008985520433079333,0.00929515193490008,0.008862800182997801,0.008094180251461951,0.008979425587979484,0.01210209306174329,0.00684505057766185,0.00475003559868883,0.004266478737877428,0.0028123607148838694,0.002963193400476386,0
4276,0.0016152975309515968,0.0002124637091597947,0.000640516961787013,0.00013033068484143316,0.0003400743993516812,0.0013208288233745266,0.003280435523404944,0.007447030699591761,0.009737417991350208,0.012024672852299018,0.016006324888503363,0.014045306350356246,0.013628033042553172,0.01565824891472414,0.014264884217093817,0.014569676961039146,0.01047279622818928,0.007457348025691206,0.007702777888070054,0.010803485424628435,0.012848918249897524,0.013001507631745207,0.009449416029057642,0.007838826844637938,1
4277,0.0017879841534379002,0.0001259915304198509,0.000768000546299099,0.0001259915304198509,0.0002519830608397018,0.0015239497288182047,0.0037917972763755223,0.007607697280311031,0.009773656025008483,0.012672556803205217,0.01788641500553908,0.01633836254916089,0.01586507262620155,0.01718524474930003,0.015402738488482042,0.016488456807140728,0.011411545920466545,0.006863799461571919,0.007505808477451166,0.011400590135226712,0.014268814714703383,0.014934926458142619,0.011286649968586858,0.009191903828029204,1
4278,0.001792250830765854,0.00014164174311629327,0.0007658969689927369,0.00013355069985560911,0.00024680445742493576,0.0014853594649509108,0.0037065995817753333,0.007528212077090896,0.009698925597180814,0.012301625193915257,0.017341545942479688,0.015813910443201837,0.015434897624872157,0.016601694975470364,0.014873492536850432,0.01603029399459574,0.011179210951111504,0.006752374723854262,0.00741307191117715,0.011196962649870551,0.013827537465505652,0.014545499682522379,0.011004786012977295,0.008985490388038659,1
4279,0.003526408474873109,0.0010572892971482486,0.0006453708079814059,0.0003529357548142671,0.00025416363387669854,0.001072846579022421,0.002616387072621207,0.008172375348470663,0.028617196569652538,0.010179332411054919,0.01465953245932488,0.012732984476907561,0.009695189239315755,0.012332513143470803,0.012116943005881897,0.016495141184182813,0.014321723764160955,0.012568413568047925,0.01028547403531139,0.01101376423295679,0.0106792981714297,0.00985319795192878,0.0070517493062870066,0.0063931431059290195,1
4280,0.0061405199379934074,0.0006847265354931847,0.0005680604513729243,0.0004420475993270107,8.892582503063714e-05,0.0008307384873252562,0.0016766219957596695,0.009653585654007547,0.01398264464423185,0.009028231936748602,0.013067744856392909,0.008891130203695263,0.00721506459409443,0.009937898636059563,0.011145320107945946,0.017045434807620947,0.015484750684226814,0.01980240808719496,0.01401805083059998,0.012832386925723796,0.012134368628334554,0.010014778994567803,0.005752402345653852,0.005152573844370008,1
4281,0.0050998392383536815,0.0005324387618260904,0.0005217888290141123,0.00028782287126047346,0.00010265151795483949,0.0005792863432883242,0.0020386898132319937,0.008742278723978833,0.013535540263943664,0.009656587850383662,0.011191821225633804,0.006669488190069446,0.008844468054659077,0.009866296382236768,0.009728714202185683,0.01215502295957251,0.013995799686615054,0.017086381482307723,0.013153266456871369,0.010838605822255432,0.009818053664351093,0.008953346637999928,0.005734173245645841,0.004565973633819464,1
4282,0.0017957260694020732,0.0004642748408443177,0.000514274656998638,0.00023464136638566874,0.00012199438443803219,0.0002548164176165209,0.0019231807458030242,0.00535316754232151,0.011420370486027957,0.01140613653391317,0.0076683953873789,0.005627665618203693,0.008333877744903509,0.007840773616799817,0.005883186322595691,0.005810566004370627,0.00860902609654906,0.00813952495646204,0.008266288713181736,0.00861607033220152,0.006100534294350973,0.006241698378412888,0.004181984670816678,0.0033922777477999027,0
4373,0.0019799482005117466,3.7069001703036814e-05,0.0008601224476982973,0.00030234842207815414,0.0016395976670046629,0.0017905642051481065,0.0035617372505938154,0.004577581129721573,0.007395789128808237,0.005629173914195119,0.005111206938730656,0.0034794356791899746,0.006364309009816098,0.012459755453612078,0.005611867844738747,0.002774114382546843,0.007238644094595575,0.004682621758313431,0.008428259789799735,0.0047882364803415525,0.004489251082970804,0.0061756076875368274,0.0062148279923591124,0.002841235484749966,0
4374,0.0013435380013927802,0.0,0.0012997486146790996,0.0005374152005571121,0.0022432108556522815,0.0016868866017365643,0.004042556564171284,0.002668166949426956,0.008233583459736715,0.003180701816628992,0.005917538486124705,0.0024681290692171566,0.0025119184559308375,0.002374579015793324,0.0036743276304724236,0.00211003581340574,0.001724704708453774,0.002105871415514768,0.005559445230313289,0.0017247047084537738,0.0010997107344693003,0.001455997108175218,0.0010310410144005436,0.0017247047084537742,0
4375,0.001564198086913742,2.0785306831767767e-06,0.0012699651165296213,0.0005324193103098023,0.0022864069789687753,0.0017564696094153575,0.004023363962154204,0.0028968164926987043,0.008472026298987842,0.00346447759524707,0.006046518543892756,0.002726192956563807,0.002639947039090744,0.002670037807422362,0.003944433530314899,0.0024316097775746895,0.001990974017171721,0.0021840343927642565,0.00566978366133818,0.002026572237652921,0.0013947457901436551,0.0018621328729580009,0.0011915609717699535,0.002187051187896651,0
4376,0.004840496642139051,9.22812039995841e-05,0.0005913384781740038,0.00025878980956825525,0.0009644173376499015,0.0017028416623771814,0.0036266729688614716,0.006585679278772633,0.009155286238067054,0.00922877677812783,0.012747696785064462,0.013107427843479394,0.010986064406566043,0.012171504016957272,0.011562126711533926,0.012479333801608079,0.009462132406469474,0.005581707009130751,0.006661001093009933,0.008139788405361725,0.010079863162283216,0.012241651064498645,0.00846017514735479,0.008480778708527462,0
4377,0.00456806943182016,0.0001259915304198509,0.0006640721246770432,0.0002504891188209496,0.0006425300791233265,0.001561573148677576,0.0038123664431545636,0.007973077630390058,0.01033878080320735,0.011038130474260584,0.015553171307143369,0.015544825746562003,0.01297348081210935,0.014306109686862595,0.013646246897108187,0.01514767890225509,0.011925507939424427,0.006966645295467132,0.007912327161088278,0.009745594639503037,0.01201433276972513,0.013987127897512481,0.009974553645604536,0.009963802861745343,0
4378,0.002568982840796153,0.00020616884798364105,0.0006879774596358205,0.00023869760738185896,0.0003478669308958169,0.0014747529934146055,0.003744302949110461,0.008699530128336052,0.011934903574160022,0.015561646674237574,0.020102040008137867,0.02072929388961265,0.01601557963385385,0.01909707414179797,0.020049308772338414,0.022184811537900133,0.017623067161198745,0.011173451406612646,0.011010347930999236,0.012610359040290623,0.014064994777830839,0.015319498445742642,0.010483200276689055,0.008966930420084217,0
4379,0.001699793084133443,0.0026873269361553575,0.0005163651551257164,0.00027778728298527366,0.0005961648290399372,0.0012822902583119705,0.0035498575315375484,0.007747551400126084,0.08108953970616632,0.01432097409807849,0.019157499251414956,0.01932722587516141,0.011722943641409495,0.01850233287625362,0.018034046627857774,0.021117100994864958,0.022458100661894635,0.012854702494344826,0.010427559933756799,0.009699246457762503,0.008737091509287453,0.007718915644216264,0.006834389739552823,0.006822869511235072,1
4380,0.003709341592013635,0.001994563792797075,0.0001557385665831829,0.00019075443580175139,0.000371408538997984,0.0006088044662911526,0.0018617519684042084,0.005692952372878117,0.05805866048643563,0.011595849871153897,0.013915066898234647,0.012598844088674272,0.008405054325673875,0.013991855739422606,0.013197237429098941,0.01599902277829736,0.01661793788325341,0.01379056158371233,0.010210987526577701,0.008256664672996444,0.007809848175746706,0.005130635337806185,0.00449075868242143,0.003698565294540828,0
4381,0.004057352508815572,0.0004179663356331395,0.0,8.827232405558748e-05,9.898560867925994e-05,0.00026327039694161555,0.0014771718983092794,0.004915287125693156,0.014149577694097422,0.011784941068376742,0.00997054183203015,0.007721205490948929,0.007158308476439844,0.009686980897157626,0.008611833821129877,0.010731200145459412,0.011975368378587658,0.012954702373508252,0.010388421744440145,0.0079088976138236,0.008038773688459224,0.0047211917205671194,0.002962075851837067,0.0029518745708541185,1
4382,0.0018584920616706397,0.00015689635506771173,1.95170331056174e-05,2.0214070002246604e-05,8.675769934059385e-05,8.675769934059385e-05,0.0018028969802608712,0.003108577045183538,0.007808436104068106,0.013013030172466404,0.00710311649441703,0.005297416352667114,0.007531074668965756,0.00822646491498129,0.005108049915026728,0.004906824397792726,0.008839653903073208,0.007354905221749401,0.007591392637316933,0.006499867107781675,0.005886484273121504,0.0034321851625658596,0.001976226789265012,0.0024136425835400124,0
4473,0.001545632642598258,0.00021239796844575801,0.0006536461444376242,0.00010650022343355264,0.0011742472017430962,0.0017002046639761064,0.0030731328633652063,0.009684184149583844,0.00486131287269456,0.0028634100560629133,0.005903816073091018,0.0035364631620050948,0.021581613524573384,0.05941724681148986,0.0033306697408711254,0.0006508346706066096,0.000450272112662466,0.0006409526978608213,0.0015247427714524574,0.00047191396380172183,0.0006954318818248248,0.00040867530540528895,0.00039632185317480347,0.00045859590156217974,1
4474,0.0006145972833627777,0.0,0.0007165960402550974,0.00024583891334511114,0.0015142701376222787,0.0016868866017365643,0.0033136158461412805,0.0016476499441849524,0.005190359867475737,0.0015770322369629865,0.0034391400448226957,0.0017391883511871538,0.001637189594294834,0.00120827386694532,0.001924869907200417,0.0011078462316287702,0.0008499758468177708,0.001085354410272764,0.0028077979252643112,0.0008499758468177708,0.0008081344472572992,0.0007270563901452153,0.000593676583582542,0.0008499758468177708,0
4475,0.0017059419379680293,0.0,0.0005809600767615571,0.00022983947855224654,0.0014678234533846116,0.0017063477779580111,0.003195889438728261,0.001656483548329773,0.004862868168056539,0.0015733281477435248,0.0031930596579200295,0.0024678031771150654,0.002003739665547486,0.0016668098848803472,0.002178706932609558,0.001527154434436087,0.0010977759355085932,0.0011070842089285966,0.0024920424737891324,0.0009639981650113296,0.0011937871935846682,0.0016846232742532027,0.0011137721744092547,0.0012425520760023048,0
4476,0.007630771509602042,0.00020985091702450275,0.00020711755953528458,0.0003312674071214804,0.0013095655453749864,0.0012655738236214647,0.0024873177325954563,0.004129400705753715,0.006692526666493987,0.004380731458520464,0.005182319119489097,0.00785298137997865,0.005001367731154097,0.005711737594671173,0.005885125578737495,0.00642231663762371,0.005545857828401865,0.0034355836860653958,0.005366748776074547,0.0035838712823344086,0.004752358328052349,0.00830178812718145,0.005138353770272385,0.005318608216766362,0
4477,0.008590038401223358,0.00022134544758139197,0.00038716403344878547,0.0004130822461870544,0.00106108806077752,0.001202833652025375,0.003182132520990351,0.00723522367001245,0.009715585690619869,0.007234985817753609,0.009896964737289673,0.012435944295567323,0.00747539838978049,0.008515550782627432,0.00932623785639633,0.011127378047577663,0.010813169880130376,0.006276201094328116,0.008037761909751962,0.005988673464007187,0.007376785488665925,0.011267226132807687,0.007332122837703566,0.009042323257282039,0
4478,0.004245782720326755,0.00019291432897549534,0.000502832371194611,0.00031072220743786353,0.0006049502548068753,0.0013725812414498145,0.003640354725498886,0.010865358427628861,0.014368879680980712,0.019223813727272276,0.020578161034669765,0.024372204991821102,0.015545333399253146,0.020881777095277654,0.027407281570160893,0.028695039822511682,0.030080030074775017,0.019743120157430398,0.017189961905326293,0.012902490262246711,0.011465906332571238,0.015252066271434361,0.008407732621297062,0.008582632828459015,0
4479,0.0017065842636157123,0.0012490288482830195,0.0003285111631416851,0.0002339475849413769,0.00032733137594417004,0.0008465677673085426,0.0026030564554437546,0.008796930753933225,0.040573088278802114,0.021461439900562856,0.021482572359781394,0.02497116962226681,0.01597943050440636,0.023719489506201497,0.029412809015506,0.03040919358368355,0.03172449547218344,0.021081548880839854,0.017228490532809844,0.013278922393799712,0.01034543177315337,0.012003997574328238,0.0068208721861171325,0.00476667719185361,0
4480,0.0019746421026409088,0.003098113245424218,0.0,0.00014736353427148593,0.0004734221371899999,7.264104983545351e-05,0.0008814330567893444,0.0018788955238111587,0.08604843673797541,0.011848537332163359,0.011126339429840518,0.011436130948463002,0.008302650702653926,0.015084049365131549,0.012517391208250407,0.012465942405704082,0.013825147629346418,0.008440843349042906,0.006277510808845618,0.005996164634553375,0.00365537746429757,0.001962081535948904,0.003159798834082654,0.0002546067010363839,0
4481,0.002104859111242665,0.0006202739880671325,0.0,5.16339154792044e-05,0.0001331207602521708,7.264104983545351e-05,0.0010043209102510399,0.002165347668181656,0.03500468640224778,0.012478948597033105,0.009071155615118868,0.00709550725852299,0.007589769122592765,0.011089195656136752,0.010353404223782763,0.009733423879430415,0.006618956417932963,0.007326057404789641,0.005576721958770454,0.0033118008252088537,0.0021060809447690657,0.0022368642803863607,0.0036067596673103755,0.0015724607313821117,0
4482,0.0019973934106603123,0.00014528209967090702,0.0,0.0,7.264104983545351e-05,7.264104983545351e-05,0.0013893814217265713,0.002547333591500123,0.01858966096856905,0.012470376659283751,0.007699941319436645,0.005245713666382305,0.007350357956597782,0.009256064207246945,0.00783045277645625,0.006932429719225657,0.0065246439539877014,0.007135314983353556,0.006069153683819379,0.0039881630658164914,0.0031272293894430018,0.002566018133589089,0.002972596705903474,0.002012158124364661,0
4573,0.0002868147240119374,3.7370096017478734e-05,0.00025562864910493277,0.0,0.0010130914642479758,0.0019120831634189073,0.0025711491310989928,0.001843507509344079,0.003225787436252172,0.0007988411237310951,0.001975676983534802,0.0015514292146726783,0.0027790086008324054,0.004635531719847164,0.0009868626268797235,0.0008596698949059272,0.0005641369614873529,0.0008024564303814168,0.001068849859520603,0.0006406739829972603,0.0008506558386974654,0.0005035650166063531,0.00036231770152182134,0.00042210001607905016,1
4574,2.580272186531629e-06,8.337546753232836e-06,0.0002214287958496197,0.0,0.000887799570086787,0.001662800355560456,0.0026675674836369777,0.0008104353591749088,0.002641193552281083,0.00025269459617424287,0.0013515010286691087,0.0011201461848761715,0.0008940527301517118,0.00023026222810107594,0.00045536391182908866,0.00026884703222262497,0.0001466448571242729,0.0002506102094859346,0.0005460583831583431,0.00013155826480789197,0.0005785846298837479,0.00012738949143127558,0.00024435704942101,0.00011279878461311807,0
4575,0.0002238821189045535,0.00029342767269609606,0.00010211329869529088,0.0,0.00048181011295518746,0.0008392066583887055,0.0015921441752136105,0.001604464154391926,0.004207486218316709,0.001202467071305651,0.0014196058920860092,0.001101233203251128,0.0007018808674772595,0.0005460661721219163,0.0006443681064347258,0.0010698687799960392,0.0014486494590365828,0.0011291101531316267,0.0030020936686594485,0.0007846258310878855,0.001135566264826515,0.0006379119947398374,0.0009090393986095549,0.00012441356752166945,0
4576,0.0027778165933854924,0.0005407734101999994,4.298382292470979e-06,0.00010285517697714917,0.0004410588860138591,0.00023676418947009086,0.0008133666764704025,0.0028395677876624026,0.00615680357389895,0.0028982146834243944,0.0022198242243139554,0.0028063965810569973,0.0017030025667316424,0.0023414623426234625,0.00217905626245073,0.003063560486985291,0.0033428593723509406,0.002486238946250366,0.005804191207362884,0.0021751654451567636,0.0026422739237474007,0.0034436497302785165,0.0026882085123821836,0.0014534477028338,1
4577,0.003754857460404846,0.0007747688374477595,0.0,0.0001506381787403874,0.0007831014979571975,0.00044425971646772745,0.0008224071794293274,0.004180874636644951,0.010919393122586583,0.004673611006214871,0.004240405976538099,0.005158292033057847,0.0036680835049281895,0.005931388946084422,0.003033804565483344,0.005858904761583946,0.004478708805774321,0.004970115040588348,0.008302521861458837,0.0055622058019149274,0.0044617082598402535,0.006481954021577876,0.0032855499464003175,0.002081206401309771,0
4578,0.0007552873389397948,0.0007993499167365615,0.00013597886257598173,6.72657353627795e-05,0.0005591672902572314,0.0008024240345001001,0.001453761271273127,0.0063568051322499975,0.015205768363693346,0.009055026132400147,0.00966331035289263,0.010116066627917948,0.007103686923019486,0.011126566663642899,0.00873387465342325,0.013050610120141758,0.011658112676005816,0.010568396501601157,0.012042972130827447,0.009481406540738873,0.006377125163516967,0.007841390708471844,0.0031978898308040425,0.0021764050618050053,0
4579,0.0021139082329312054,0.00040955181819468043,4.084073671867251e-05,0.0004031735450250287,0.00013183619923577613,0.00043601423486419236,0.0012107967620488748,0.004926795557807737,0.012555657332113161,0.014901940426961422,0.013455278939999,0.01632333084887501,0.011191791474924025,0.014684842777646622,0.01745404216906814,0.017815421767131787,0.01889841470154287,0.01439289459079694,0.012107643751434888,0.009735613342518917,0.006742523012946044,0.00782294987130618,0.004099101711714402,0.0014302013905036677,0
4580,0.0017902395084500402,0.0007192177857850562,0.0,0.00034023459392734233,0.000146307126320543,0.00011882850890917826,0.001016613199205176,0.0017997979896355895,0.022945537930783393,0.0070713996072726175,0.007972377545836379,0.008463788080914065,0.006898888744522769,0.006756554520472656,0.00628983670579172,0.006078010536479552,0.007131132247849396,0.006200703422964718,0.004068021987581897,0.003622728274355166,0.0028637530185080325,0.002341597823374321,0.0022836523952879943,0.0005694151597475899,0
4581,0.002001823887610154,0.00015432235814083985,0.0,4.6926335787339534e-05,7.264104983545351e-05,8.16813083053863e-05,0.0012035391426297782,0.0022006285048569822,0.023134000404981085,0.01110243732636783,0.008132278611189475,0.005614681434758273,0.007258227760538583,0.009167345334922554,0.00888474657481257,0.007592977712054759,0.005183805794266141,0.006768288494841977,0.004996249035252494,0.002413361533936446,0.0015571199881153673,0.002233761316833616,0.0034840331712153692,0.0015891684508725912,0
4582,0.001911444380307201,0.0002895508899893167,0.0,0.0,7.264104983545351e-05,0.00021690984015386314,0.0011967403987458063,0.0022400008462187043,0.020250742383115444,0.009965439364037612,0.008324156652643069,0.0065356390279778164,0.006874540765878705,0.007621188612775184,0.008512874925997777,0.006317959511816245,0.0059357867821187675,0.006345302951150116,0.006708008008313359,0.0026348149506042443,0.0019572551081472557,0.0033976598339571207,0.003927654399368972,0.0011807240858734398,0
4673,0.0018931023406529397,0.00028819983921133714,3.744799011379738e-05,0.0,0.00128278793152129,0.0028284505786039366,0.0008739496021473409,0.0036554773218651646,0.0030875642218368272,0.0014597687098333863,0.001594199631657712,0.0020803422912219274,0.0028624108280327137,0.0037785696807102493,0.0038412972757542263,0.004008166487900562,0.003399033431918104,0.0020691740312214746,0.002116926775216732,0.0017556490683601558,0.0008867319878367463,0.0012837425379846536,0.0005027533918962167,0.0006941406023758137,0
4674,0.000799951975477867,0.0002720431170852194,8.290274556199051e-05,0.0,0.0007797869680172735,0.0015768335194815829,0.0014109198844000118,0.00223201761717503,0.0036817693526379827,0.0011790974759311645,0.0014229454750553665,0.0014277978641450086,0.0014146732065289293,0.0016191183479509815,0.0017397101333456973,0.0019418054278345356,0.0020309532049992084,0.0013391858205586637,0.002460751884818053,0.0010256913306924491,0.0009726975209609003,0.000788292383750371,0.0007042995820470084,0.00028687258175136987,0
4675,0.00041038978951218517,0.000537415200551152,0.0,0.0,0.000134353800137788,0.000134353800137788,0.0006717690006889401,0.0022840146023423965,0.005537819362044593,0.0020153070020668203,0.0014778918015156681,0.0010821587902011254,0.000537415200551152,0.0008134511899255492,0.000806122800826728,0.0017539277908900654,0.0025600505917167935,0.0018809532019290322,0.005105444405235944,0.0013435380013778803,0.001612245601653456,0.001074830401102304,0.0014778918015156681,0.000134353800137788,0
4676,0.00041038978951218517,0.0005783012595559141,0.0,0.0,0.0001752398591425501,0.000134353800137788,0.0006717690006889401,0.0023657867203519204,0.006273768424130311,0.0022606233560953926,0.0016414360375347165,0.0012865890852249357,0.0006191873185606762,0.001263197838977932,0.000806122800826728,0.0019174720269091138,0.0026418227097263175,0.002248927732971891,0.005187216523245469,0.0017115125324207391,0.0018575619556820283,0.0013201467551308766,0.0014778918015156681,0.000134353800137788,1
4677,0.00016610017239622634,0.00098147643634011,0.0,0.0,0.000578415035926746,0.0005354263058480677,0.0006717690006889401,0.004375354591051151,0.014559125666333399,0.004679674416800568,0.004858426767512618,0.004261392869160795,0.003430900200680466,0.006657052683618967,0.0012071953065370077,0.0060933906569018955,0.00400602845759931,0.006278576829739933,0.009202146922496098,0.007345451652029901,0.004276613016387204,0.0049424153329668905,0.0014778918015156681,0.000134353800137788,1
4678,0.00459988953347585,0.001159879342127428,0.000522963242362867,0.0010663046791359143,0.00057294811506455,0.0015498243098345911,0.0021631071353590933,0.009079641323997611,0.020508768587482375,0.012875829338330423,0.009646830506505723,0.007245422939441098,0.00456557773031636,0.011847038936945126,0.006303573378879717,0.007808584493374029,0.013058023903722365,0.01184518680831433,0.014229712273159285,0.012843942464198196,0.009352489434404462,0.011146685136938707,0.010300760181358023,0.007716445683187979,1
4679,0.007841755978926588,0.0007125016812542072,0.0005120808768444536,0.0016444597820730997,0.00011359893087994917,0.002181189974836151,0.0034015192049521147,0.009824033186494162,0.02176907438819907,0.018639054516921303,0.012264278449962631,0.01049215000868936,0.006390184020205809,0.013959687856336158,0.009730476588768164,0.00718393144349895,0.02110765165128488,0.01487452606627664,0.013626936824634492,0.015256990521269801,0.01105106061665764,0.012174857726085725,0.013417716224150266,0.01099506344374009,1
4680,0.001818379200693959,0.0002929171541494348,0.0,0.0006403150956757298,7.264104983545351e-05,0.0006631812677495646,0.0016452470650622597,0.0020393611172752468,0.009844189004712478,0.006502037336276004,0.007200640234936841,0.008209102007411862,0.0066308487522957265,0.005078478000062338,0.004653733099085348,0.0037591743289860707,0.008866551162741149,0.006629159173489398,0.004524921683066706,0.004570654027215455,0.003153490179422279,0.002472148649214121,0.0021271036624954465,0.0008582382451820903,0
4681,0.0016707441462154313,0.0003707056818964909,0.0,0.00013499119418943043,7.264104983545351e-05,0.00029806463206103736,0.0012035391426297782,0.0020593005279809303,0.009756757008227729,0.006043337016213553,0.007826321948060194,0.007904099584312811,0.00620143422002577,0.003966304511700231,0.0057724836422671545,0.0033851761130166027,0.006410381239780254,0.00534561347300631,0.0068029835083692975,0.0029075614806128576,0.002686847858344244,0.004189381411325624,0.003378119470459442,0.000352914343695791,0
4682,0.0016707441462154313,0.0005155742805382143,0.0,0.0,7.264104983545351e-05,0.00044293323070276056,0.0012035391426297782,0.002214046531074946,0.01121861286723992,0.006507575025495602,0.008369579192960584,0.008467111638117787,0.006020348471717545,0.0037259543366782483,0.006681204851926665,0.0031448259379946203,0.007203866064154919,0.005279764109982931,0.009120881086636869,0.003072184888159167,0.002861348670342846,0.0053878398182685815,0.0042769632756666605,0.00021792314950636055,0
4773,0.002129669545311623,0.00036807197996829724,1.5017047113274804e-05,1.5017047113274804e-05,0.0013671685900802652,0.0029372216418828046,0.0006760757714834952,0.0042066251000337194,0.0032375625841483016,0.0018140029045467228,0.0016488153863007003,0.002475061628916944,0.003192511442808477,0.004308067330894855,0.004364458420416169,0.0048065987712936015,0.004060131727832757,0.0024450275346903937,0.0023248911577841954,0.002061938507608822,0.0009126714263641055,0.0013521515429669904,0.0006046676348489077,0.0006910928185967699,0
4774,0.0016969388984215477,0.000411613806300566,4.307634696597324e-05,5.74351292879644e-05,0.0010556303021483275,0.0022251738347685993,0.0006983133021117513,0.003489680609519824,0.003534383262054992,0.0017373989654885602,0.0016531702368154685,0.00201617066586058,0.0024448561085831217,0.0034243223601615968,0.0035638985098133086,0.003823229156443731,0.0035042173263161885,0.0022476333924786873,0.003070327871960667,0.001817346187286958,0.0011551512476078967,0.001508886604529799,0.0008978837646205056,0.0006284433557606508,0
4775,0.0006692414150702167,0.0007208380504462177,0.00024384449456607424,0.00032512599275476577,0.0004716362293557092,0.0003874773329927176,0.0009294960874238143,0.002458014552890674,0.0053142258087061234,0.002788488262271443,0.002571595500595112,0.002151451690177133,0.0014361152345067024,0.002156799406803136,0.0022435824997676145,0.0025311109880921455,0.003113673526636154,0.0029594799133104274,0.006140812444997454,0.002216630766877871,0.002344210845528075,0.0024151847703904957,0.0023440073056667757,0.000793884823936175,0
4776,0.0026137144087750638,0.0011512877423464026,0.00046474535681932763,0.0006616596349067341,0.0022117242726771903,0.0008810694837492065,0.0014211134521386387,0.004321206881866959,0.012239427540072283,0.011399044171598302,0.011556513811462004,0.007016101087615869,0.007307530639151091,0.00899371772289054,0.00935392182156602,0.008559531400952239,0.009504586167334904,0.010613165069711805,0.011943459212703997,0.011139983550822295,0.008687829145472954,0.00949812000108945,0.00967532736854656,0.0028326386760426964,0
4777,0.00556145808656085,0.0018758085714014208,0.0009743306545210038,0.0016586117451266897,0.004478829192752475,0.0017817796599487094,0.0030901955482318974,0.00870977074690885,0.024525045577797857,0.025804646654651733,0.027350722119648955,0.01667081075843626,0.016993524744439215,0.0207621999207121,0.020751016301836074,0.020141286376849084,0.0249132884850558,0.02427313230096327,0.023947146129404854,0.02591366764000994,0.02084209635367211,0.022150479135145874,0.022236607227959546,0.007795825239925337,1
4778,0.007179106824910416,0.0019003304749114409,0.0016838051724671252,0.0027067809231927902,0.0025319602401885854,0.002495937129365968,0.003749273966868243,0.011482721829303202,0.021906249236168147,0.021614610320330924,0.021695668515174595,0.01636687451686945,0.013287100608215545,0.020232857727799487,0.018037419755607926,0.014812002287974522,0.022199425606530016,0.02095588381149836,0.022959794179858915,0.021034104856830785,0.018106282888196275,0.021437199921520343,0.02053195305524354,0.01257102364088233,1
4779,0.006093290493536289,0.0010145487250693083,0.0010106060081501392,0.0018846820637167044,0.0007675733539074157,0.0018158032318063232,0.0027683503927529557,0.009917498691748976,0.016918060470801084,0.01552673649548645,0.015062013129277978,0.013254435667377036,0.010203091689064565,0.01439621317173858,0.01206365100380949,0.008691704576485014,0.01585640121342351,0.01525508684229142,0.01641627261831919,0.01477542659095568,0.012704290676297265,0.01568797804947532,0.013562829176906207,0.010090857895703733,1
4780,0.0021830822485108736,0.00018501922616025925,5.123618622176116e-05,0.0005898428445839563,7.264104983545351e-05,0.00035849800164806445,0.0013041873272649624,0.0036100885230471364,0.009635435489335969,0.007173038246668865,0.009162667354775144,0.009180684922037816,0.008017347020064739,0.00617075963909235,0.005703027556900021,0.004844162610725809,0.007410346509011066,0.008080532129489034,0.00637884933420101,0.005645999393259029,0.004959643743127722,0.005567738519458488,0.003711826706274624,0.002369738671593953,1
4781,0.002294937549539897,0.0004793612378348652,3.2183767766973843e-06,4.2293537464245245e-05,7.87351771531471e-05,0.0003595009025993333,0.001308415840545933,0.0023114980288108686,0.00956296051149012,0.0065745159712352385,0.008573245158970573,0.007813358646762109,0.006287092385386045,0.004531932783355088,0.0065253969586595165,0.0050869853318740365,0.0068477912626846325,0.0049440616464991125,0.00734920854603405,0.00317718666538183,0.00371664208182204,0.004363626569717266,0.004683461790677758,0.0011442686086978126,1
4782,0.0024995975599694143,0.0005268023274258076,4.9401729031355104e-05,0.0,0.0001661852329169132,0.0003545252030607493,0.0010885640225322647,0.0023669859088842867,0.008349912556094477,0.00586419954962956,0.00876894301672142,0.00719324042618738,0.006174204524362388,0.005175290470566342,0.006738534166675841,0.007030220337414859,0.006499579275805627,0.0039042170272269292,0.0060036050778481806,0.003211306844685541,0.0050576363629986675,0.0038774019490240975,0.005545643835561277,0.0025348771770402007,1
4873,0.002942363639165546,0.0021018106971289253,0.0001332592682181872,0.0001332592682181872,0.0017217442182917743,0.002350269330581602,0.0030205850822529767,0.010529374665097938,0.015789477975941588,0.016820669626509896,0.009430075713929655,0.014164697060013996,0.01131782334240251,0.012544695532477359,0.012903119135155655,0.017330304232112577,0.017328526064235735,0.013479636313707551,0.015313451426826512,0.014065496207809199,0.012559522215519906,0.010952769799766802,0.008356627830742076,0.008837167749838446,0
4874,0.002634573627902027,0.0008735591407977856,0.00019609969061547985,0.0002614662541539732,0.0008813587142944183,0.0012238373401113726,0.016856190598964274,0.2176061791530277,0.45760597827013033,0.23690986836998917,0.12142812610305205,0.11319357177423987,0.08324621488548777,0.19822383061978555,0.23864887333632853,0.17518883947764496,0.2582680589200938,0.5315884075138387,0.8994120781989378,0.5258952021783808,0.17966476401444512,0.06528596820623624,0.06775805219556125,0.01762626965420608,0
4875,0.002223291331699792,0.0015858245756445784,0.001399256978509922,0.0018656759713465624,0.0018388575659042655,0.0015858245756445787,0.0030009309782122423,0.016018223152660663,0.03220798845375239,0.020123039879764763,0.014663548135049042,0.013761585022137096,0.010356149591681716,0.020277743833713106,0.023046042098254928,0.01633251150323054,0.02097860828599929,0.03893451242608805,0.06443133194635005,0.03752664812772757,0.015990580771864223,0.011030077698531529,0.010091488439754156,0.004617795221688986,0
4876,0.003538395302896828,0.0018098347609273807,0.0014100909673939105,0.0018970563700263462,0.0030050758165465416,0.0018098347609273807,0.002318810556114534,0.0045563468932711335,0.010832847859246104,0.012673186611129211,0.014023141674365792,0.010514343272169385,0.009719146048870645,0.013261744586400278,0.013721624284091079,0.010362158368678912,0.010339865845705398,0.012808273110654807,0.014789509037214665,0.012773977131016098,0.009949717742111633,0.012165310376701021,0.011597593208223334,0.005002657680174009,1
4877,0.006190011573183287,0.002217775725586836,0.0014100909673939105,0.002240479112088385,0.0050341119083863895,0.0022177757255868354,0.0035530492646303775,0.008860558651270369,0.0246695698786826,0.027390308782482033,0.029427109329842695,0.01876892823156834,0.018639744863318722,0.023341648072229305,0.02352262325045548,0.0214720771637741,0.02612891950139425,0.026086680257322158,0.02564160785884014,0.02755561752496634,0.022154422985990355,0.023919399730090576,0.023931587814216844,0.008898928473513791,1
4878,0.004312603736675908,0.0017653564112873137,0.0015495157875245417,0.002347861729455162,0.0025179963283712818,0.0019921251969430395,0.003089660555510824,0.009349879334577238,0.016192286506913362,0.01648760122967141,0.020953146390169736,0.017283170947438455,0.015230010860716391,0.016938924047224163,0.016783645171284063,0.0139719867779957,0.018475538242657196,0.018532329602471812,0.021865882763796845,0.01829026967520755,0.016959960770369306,0.02018375449836701,0.01635107363118764,0.008308623073230832,1
4879,0.003656249592845748,0.0015382779885106841,0.0015429937160572982,0.00233540159415763,0.00153528673311723,0.0019038220383634365,0.002477536016299827,0.009021375440645586,0.012827363027992627,0.011608900415962941,0.017076642410623986,0.016267553783403218,0.013713339558193427,0.014326178276578113,0.013941475446489335,0.009933087874867373,0.012294823814717063,0.015068715300680652,0.019173503833841362,0.0142473657818365,0.013476523859415538,0.017451949213445585,0.012479749275851371,0.007972495179551526,1
4880,0.0028987763292674883,0.0003697000745519766,0.00041193641354365164,0.00077061448421674,0.00035127523912063124,0.0006428838287429958,0.001295299334093038,0.006991147462987997,0.009714317649805524,0.00883296470059522,0.012513619293796616,0.011686746357120399,0.01070552445750048,0.008978743445317397,0.008664841933213775,0.006731738002434419,0.009115308416707109,0.01054624342124875,0.011647658555496569,0.010026165218966997,0.010069743712746711,0.012255353393300344,0.007680187015609793,0.005090039141080776,1
4881,0.0031018192153827832,0.0005126016618703548,0.00011084786863184467,3.754405758888465e-05,0.0002715919204771234,0.00027817883858644537,0.0010163069155893674,0.0026998284110610433,0.0057337582964585515,0.005087567198261802,0.009333841446273663,0.00613434202733467,0.006383141581248958,0.0066031288934845535,0.006763743850082686,0.010464061380902051,0.005855502396801336,0.002877145410474128,0.0031653668941785357,0.0035961909482675357,0.007252998930611592,0.0027574048434922,0.006604625830504587,0.004892222471896379,0
4882,0.003011584533268126,0.0005328940164383376,0.00011977893030003951,0.0,0.0002994473257500988,0.0002664470082191688,0.0009191199549575459,0.0024652287284541337,0.005448719094683415,0.004649378070025909,0.009119087744601758,0.0058410562031144635,0.006135597378372477,0.006493729149852841,0.006673397545302901,0.01067254713656216,0.0055684980249834535,0.00225746616596523,0.002550802321803488,0.0032364755860727957,0.007286959004598507,0.0023711339263534294,0.0066428416957437,0.004975714543395098,1
4973,0.006341395991625714,0.00545919122809756,1.7685052791065486e-05,2.1469285853487645e-06,0.0007771318720569432,0.0010024770315783947,0.007080446388503962,0.022475732724969416,0.04778972564416675,0.051684767821579505,0.02485535989287081,0.03643599152822417,0.031144548085456563,0.032338658138277104,0.039251711763678046,0.04744181579677964,0.04676137820738795,0.03260498234186362,0.05093148382399633,0.04731024018161601,0.05623826990674242,0.042466609502107545,0.03004566579507333,0.036001184377861775,1
4974,0.00143306602048924,0.0005810100583438112,2.5823544331357156e-05,3.443139244180963e-05,0.0007139420308411948,0.0009394313200156758,0.0035493745445068017,0.008364628522818215,0.013553797889400306,0.01429045941282826,0.00816327677652662,0.011502791362283611,0.006856816346728628,0.008403759119986974,0.005996636053698399,0.007830643491012493,0.008583087866924017,0.013257896086012055,0.012853027707570658,0.00874564253600544,0.01179368798511958,0.01388669140717312,0.011185313440300378,0.010293669839601328,1
4975,0.0019614705022617074,0.0013889307256853434,0.0011752543196074724,0.0015670057594766298,0.0015876256346378033,0.0014459065558155512,0.002300815978608232,0.0036957921646893007,0.005859780206560736,0.0069488421768819815,0.00756155354060131,0.007670867161895786,0.005733032235076593,0.008385914686156034,0.008189661725878096,0.006014114979914968,0.00614565955202426,0.008117025131039072,0.010630169890716749,0.006505066493856783,0.0056946530471690465,0.007717643648314514,0.0068103876997793345,0.004413696077108595,1
4976,0.0023061711455607103,0.0016000790545767105,0.001390129996886898,0.001853506662515864,0.001921150831829349,0.0016000790545767105,0.0021670087622564934,0.00342949560426385,0.005915843200049656,0.007146219933620022,0.008449995571374984,0.007794565735099069,0.006242323919763018,0.009278958078246755,0.009571047512405935,0.006653296314143335,0.006451345263687855,0.00816198102456316,0.011402665516181599,0.007160052624612642,0.006029430402940944,0.007904438565228948,0.007033762933085317,0.00403466162272461,1
4977,0.005469639817287246,0.002100377376173116,0.0014161934695786445,0.002017439872539774,0.004527820511327761,0.00210647987835785,0.0028313348734624183,0.0070169898424521275,0.019555364612471846,0.02214694770757873,0.02382310480642844,0.015595016668005722,0.01578930601743615,0.0199296307508302,0.020457593565294085,0.017065508117703933,0.018774978349246324,0.02106440226901422,0.021217241786657185,0.02249112736641473,0.017318632159473397,0.019597038679244023,0.019553180245593355,0.007075117979153524,1
4978,0.0037921945436916044,0.0016336766427731116,0.0015900963451171404,0.0023733063737169514,0.0018010051285239138,0.001952471385231256,0.0027291719679531246,0.009197207305851423,0.013510676493826944,0.012819607875472573,0.01805850632842032,0.01659606587587563,0.014110251639152478,0.0149942712522391,0.014726719592829193,0.011115907342011469,0.014390993252171995,0.015930222505590695,0.020124700817208484,0.015260790994602834,0.014607190726172701,0.018421043081529646,0.013629814094421593,0.008049905085216209,1
4979,0.003639451229553707,0.0015712972216478036,0.0015776625377035317,0.0023787308169355764,0.0015745550784919643,0.0019387465746126234,0.002496899319179946,0.009060734219927001,0.012891811906338115,0.011602535259679391,0.017183790565443183,0.01637092720874848,0.013766309854268566,0.014461234711600027,0.01407133284480483,0.010012963139211975,0.012345872477408504,0.01514115108646261,0.019313820295140054,0.014338898146130145,0.013577928764861429,0.017573413678152332,0.012594692583445923,0.008077317779113975,1
4980,0.0016524138747812923,0.00044252844921971544,0.0005080936190828579,0.0008929471652018249,0.0005829714233949055,0.0007230296936927901,0.0010334280983940749,0.0057506978249665525,0.008556843922931651,0.006192137179947688,0.010767274530742528,0.010022906431244353,0.009070408364786519,0.00816317873331535,0.008038271725666792,0.006061912339978369,0.008422988126938903,0.009616451142722254,0.009878081966960568,0.00871947183421544,0.008206023072806807,0.00935826639065415,0.005566618698971174,0.005404094702143442,1
4981,0.0008583008785675447,0.00017811877856601223,0.00011977893030003951,0.0,0.0002994473257500988,0.00020421899962248786,0.0005002578211415398,0.0022636696636503307,0.0030432683826199804,0.002310339833208785,0.004910944149060437,0.0041952972673991,0.005182188300085373,0.0037929428774932613,0.004902253148720675,0.004262837473063839,0.0059621968206605815,0.003865512303830584,0.0034553413379208226,0.0034932293833242894,0.00333888470776367,0.0015245779737042872,0.0013365022606248722,0.002224786970432098,1
4982,0.000521521703169524,0.0005967408012355305,0.00011977893030003951,0.0,0.0002994473257500988,8.905994069900852e-05,0.0005256937396378898,0.0013646702011688766,0.0025946526804843336,0.0017670970036651708,0.0039167134351887,0.0028881148610114134,0.0029720527942287693,0.003461067689076079,0.0032257391018611845,0.0032311772879567717,0.0030088132920712994,0.0012034115828331868,0.0016987255211807033,0.0017841628713910174,0.0028027584247974874,0.0010901683839042123,0.0015461558051797282,0.0019142344409279193,1
5073,0.07355264315633538,0.06247548580543471,0.05238733318040168,0.05375240054491216,0.053937269680500666,0.05677198618038623,0.06570363573828994,0.07924071085662084,0.1003549260188279,0.10636486808955264,0.05897914034008233,0.05394699748810935,0.047765165747793596,0.08319303096351584,0.10952420591178982,0.0653279536602605,0.06591205095708842,0.05670763958039572,0.09910692081474379,0.06281814417660855,0.05937712588999502,0.07659632348325095,0.05144396357857243,0.047463687960627096,1
5074,0.0019399827190811284,0.00035209364531330913,0.00031246696936477987,0.0011578143066121496,0.01193701988009061,0.008644630859657375,0.005068959138497917,0.013180099990239369,0.015158313238179283,0.01708498738459998,0.012765916238812429,0.015423283117909246,0.012510245274644761,0.018742581483807846,0.01476348331796949,0.011784395025737762,0.012503596053828095,0.019531461922466752,0.020141692421050877,0.020866741655546268,0.02108077457826078,0.022333833625348718,0.018493842869511706,0.014831481890100641,1
5075,0.0010464255630808893,2.803910178556671e-06,6.262944206183102e-06,2.5051776824732407e-05,0.0004016224698453605,0.00017470731392405715,0.0016870200796208553,0.0037088745311668375,0.005290431433518648,0.003730301836529106,0.004160039849631461,0.003609458753089822,0.004307810522340381,0.004704402499948621,0.0038751256165735198,0.002499170128462545,0.002989713046276637,0.007205021792909878,0.004538151414541939,0.007815336713943652,0.004375831072229675,0.004291745092743584,0.004556591394943373,0.0024167894775278015,1
5076,0.001170862220512939,0.00018397329487469035,0.0001623293778306091,0.00021643917044081223,0.0003159523958859345,0.00018397329487469035,0.0016976948916592276,0.0035397645751491518,0.005237296507452888,0.003907711164898534,0.00445434308756682,0.003895044540854409,0.004412411040934261,0.004968509134668982,0.004342434171302244,0.0028216879209090138,0.003216541491044058,0.0070347755577819075,0.0050965279714113845,0.007474490694302528,0.004304951267005007,0.00429336837585957,0.004566252003831394,0.0024301447747242877,1
5077,0.0023210026536766913,0.0006157223694407427,0.000431140832849682,0.0005643167873433801,0.0013341091707224256,0.0006246907802508844,0.001871805687288967,0.004427236073792221,0.008886887297625778,0.00847308419973525,0.009301906597691393,0.006758725982344481,0.007573009707205527,0.008718258026419047,0.008450350437246868,0.006147777494747232,0.006598153074646924,0.010478532309283388,0.00886151691758289,0.011537605392918477,0.0074630227650884385,0.007906975957268058,0.0083805264881912,0.003419405421311887,0
5078,0.0029355670461929896,0.0008703327694886242,0.0008459245053452968,0.001125006850648661,0.0009383920246071559,0.0010622107075854246,0.0023135955865340157,0.006733224071972476,0.00920956210012842,0.008175565749456317,0.011358877603361704,0.010752874603830648,0.012083866131770187,0.011263048518678915,0.010724394785930269,0.008352787753440383,0.01155950728973656,0.011672553276173094,0.013493039547830118,0.011557583815297727,0.00872744824123074,0.010280517745388695,0.008694556134809503,0.004969980415713621,0
5079,0.0028284756622255517,0.0009116438088816995,0.0008437711432845421,0.0012280350373862462,0.0009779011721328817,0.001109521129301687,0.002299156360881974,0.006197835699457916,0.009239079140022661,0.007925841894929973,0.01108413810935016,0.010417754955121372,0.011824927183595185,0.01140524125707722,0.01070594746339356,0.008733715350006306,0.011880537371231063,0.011623034191698491,0.013273930748948953,0.010820710992987443,0.007682178921383933,0.008797143969479025,0.007775617800968117,0.005199000344448468,1
5080,0.00192568402362176,0.000441802124978112,0.00025980147274864474,0.0005104536742015746,0.00027930942499384957,0.0003183303326680742,0.0008674980040586611,0.0038738346191732947,0.007318294733605194,0.006418105772949422,0.010223421787017134,0.009741913807660192,0.010825476934331911,0.009130898019165369,0.009141333102706662,0.008241023446255493,0.010424886716225127,0.007450433696453529,0.007272594900349949,0.005952962102775101,0.004505875300189165,0.004523954706446098,0.0031370866122790554,0.003835619464176677,1
5081,0.0008054053616696735,0.00021207727119407305,0.00014694169516846117,0.00014626477828074696,0.0002836084973167949,0.00020505036167710883,0.0005008795328642195,0.0024889882316835358,0.003090960272752224,0.002158700653294863,0.004505770506104293,0.00424547193695548,0.005466358252031534,0.0037662956909262236,0.004903121899576518,0.003567378306270099,0.006469437400541217,0.004450041555906683,0.0040835979389878445,0.003738420024797532,0.0028161413504757433,0.0018286697062613612,0.0006878576884625044,0.00194166519418199,0
5082,0.0002901053182044821,0.0002762512810727167,0.00011977893030003951,0.0,0.0002994473257500988,0.00011666492778483394,0.00040838023864247207,0.0015824625409409777,0.0021461101109363718,0.0015307100639168198,0.0033521775737042005,0.0029939555545977783,0.0034038240679372524,0.0029624813501529616,0.0035092694754111126,0.0024156381661192172,0.003767509234738198,0.0023933449276533174,0.0022424810309768168,0.002407410930367296,0.0024133556801204594,0.0010894025349829945,0.0005095811366423845,0.0015369380689472308,0
5173,0.12984933453672942,0.12718253609121732,0.1240615346313109,0.127372887676381,0.12600995882653468,0.1302374843149582,0.14055415635448432,0.12757485864515186,0.13764261819975446,0.1465947794023942,0.08826138597485036,0.06350852705779361,0.038184651195445965,0.10951870301689096,0.12976022409614357,0.04011057115561834,0.04659488808810672,0.05706889332926934,0.1087807327241925,0.046977499005577635,0.044580718962972464,0.0509375939395291,0.0388779115817024,0.03160705354074584,1
5174,0.03582054190470393,0.0349438476098177,0.03577190309491677,0.0385466434203857,0.061229097274098594,0.055559627577767424,0.0470002694383403,0.04881695137780353,0.04571335708759407,0.05370007253619953,0.03971085901881615,0.03437436772105284,0.024933547706132275,0.055782496421381715,0.052145252846645,0.02077513931407379,0.02589704545300766,0.03820299794219922,0.049488644718659464,0.03958511230834164,0.03362512149811656,0.037996922512500336,0.03236577780519364,0.023184858210195926,1
5175,0.001957225892287761,1.773214525575879e-05,0.00038044714360499233,0.0015217885744199689,0.015295063205716079,0.010289805022590552,0.003981189951798976,0.011489150642096026,0.008617879241873521,0.010135023468211941,0.011533701522065891,0.012916029609743848,0.012450371613251496,0.018569746107759338,0.013742618093707812,0.009010206807341579,0.010923117073612536,0.01791384593937998,0.016369475091914824,0.022107615854540182,0.01604404759681782,0.018426874449488973,0.01680311867128709,0.011864966338240492,1
5176,0.001054707960814661,0.0,0.0,0.0,0.00014884293544638316,0.0,0.0016415414274735416,0.0036362675141630887,0.005303665021436385,0.003653344064416394,0.004095603733192218,0.0035087702665333375,0.004240901294334665,0.00451651771415141,0.0037765721744828203,0.002531148036278344,0.0028880249537876442,0.007081241971666332,0.00445305752997155,0.0076723445758885385,0.004265792356455232,0.004074258045375587,0.004354867366015048,0.002245451444385727,0
5177,0.0012363487841176948,0.0007657448672821936,0.0,0.0,0.0001346049477179754,3.19550764083425e-06,0.001589105566411415,0.004687955143006175,0.006500246262387269,0.004929537593194916,0.0051641004552415715,0.00481849358739754,0.0050803395437139815,0.00519710498272058,0.004849036386710951,0.004802458419071249,0.004098209856193495,0.008068892385654407,0.006675133645302547,0.00839098798406335,0.00563423144493904,0.004862070916255349,0.004765750980906242,0.002445991711107119,0
5178,0.0021466891746980896,4.074791658071733e-05,3.2418801720630815e-05,0.0,0.00014808528317730087,9.800409081732545e-05,0.0020213163829018057,0.005688058915394096,0.007772535558442486,0.0057184293743456705,0.007363032194928747,0.006707915974266347,0.00980465404514436,0.008360578280078816,0.006791296205033139,0.005932449153257665,0.008677025610521114,0.009559494634883488,0.008094273537660021,0.010335689090238694,0.006270331580893758,0.006547558289836721,0.006385007088189937,0.0033063258732177942,0
5179,0.0026269856036001036,0.00033478327241641425,0.00012297843859090075,0.0004377663016002836,0.00014090854372257442,0.00017131433719149455,0.0018234601110761034,0.005425516528298805,0.007568643540526109,0.005173671014749017,0.007195370990381094,0.006801344834560119,0.010372676333598941,0.008325612790275284,0.007424811964957716,0.006606854449962078,0.010506721129664786,0.009411784115450654,0.008581428554282693,0.009022884933201141,0.004968298003519445,0.005533602269529126,0.004774471337637864,0.003223683269367859,1
5180,0.0031410798685255225,0.001024794190901193,0.0003861186769105122,0.0014276464398608173,0.00014414246000254803,0.00028461267415557734,0.0010863946243669092,0.004605516800304053,0.006401614799451273,0.0037369771767828703,0.006318323472999002,0.006553887294660441,0.008613415526407504,0.006674794019207762,0.006976960657389195,0.005698129059907469,0.00968705953167113,0.007023214265486777,0.00794060613574112,0.005215809931836955,0.0034320848071265533,0.00545345491908185,0.0020361088077279206,0.0030103089238074383,1
5181,0.0026716149195334486,0.0008449775133522018,0.0003331998694375445,0.0010730410458087208,0.00017499984570358774,0.00023556005577265323,0.0011085127839585303,0.003979213040237249,0.005095285704605475,0.0032132496542823905,0.005478231424409426,0.005690665899122454,0.008054340606650723,0.005946121647901042,0.006479880300292232,0.0052155750089813565,0.009100277356874277,0.005819854019011026,0.006814572773356942,0.0045823738885878915,0.0030853634245143063,0.004328687121883835,0.001677630145431678,0.0023473193128633087,1
5182,0.00028029032976267847,0.00017191608609450098,0.00013512253550511792,8.462377640983723e-05,0.0002905003451478736,7.740490807810631e-05,0.0004091380411675324,0.0012340583994932374,0.0015479907432223883,0.0012481139420220623,0.0024649335130130833,0.0024243691504818453,0.002307924811879856,0.0024336292991792748,0.0030069504042231463,0.0017096754502791255,0.0021265399484129335,0.001684179452770293,0.0013416973606185576,0.0018734673746492831,0.0023484754934517556,0.0010776451595562733,0.00028993235166133055,0.001316243203261164,1
