cellid,callin0,callin1,callin2,callin3,callin4,callin5,callin6,callin7,callin8,callin9,callin10,callin11,callin12,callin13,callin14,callin15,callin16,callin17,callin18,callin19,callin20,callin21,callin22,callin23,h/w
4273,0.0018787862901173537,0.0001388041671075442,0.0004888090764746299,0.001798700938800872,0.013983771970600292,0.021081415370241743,0.024431941180487343,0.030739781419605237,0.048504918540911914,0.0500805937460975,0.042380162054694484,0.0380858459233585,0.03378029874111271,0.030277683601361988,0.041788219691959866,0.040393332064223506,0.05457703671316843,0.06889144778834641,0.07045224805696844,0.04257043522482504,0.011576574981736426,0.010926706487200571,0.007255893690392248,0.0025804173622042993,1
4274,0.0020592351299046877,0.0002193343036682699,0.0016671537346823397,0.003692950678457903,0.029562566919114942,0.04419147467786926,0.04719923007172033,0.07225664009228715,0.07693606498752371,0.07802263055450231,0.07734350204423844,0.057569768424598766,0.032291856422840846,0.022448022928170445,0.022602108736732927,0.027879258062958167,0.026995099465998526,0.027965329755228186,0.03461108857236756,0.016439886959456838,0.006214553893863059,0.007271704252361037,0.0031809774758074887,0.0025926225048802155,0
4275,0.002337511855498729,0.0003415686728752393,0.0018674696647307187,0.0029083979961070584,0.02089442442664997,0.03208488845034142,0.03403188518639051,0.06210410686875834,0.06702690728142746,0.07259444916535333,0.07644784180862017,0.06277362587031889,0.038953985261339155,0.028493270782827863,0.027837862562317628,0.033770151877287755,0.033787716098942364,0.03508300510621725,0.0431587840093629,0.02209812435864058,0.01163140960215848,0.009969039713146981,0.005359684124360421,0.0033139787006425084,0
4276,0.0025510476351722844,0.0009484215296592334,0.0012160596280345703,0.0010585674416086544,0.0034655146682501105,0.007925081501007267,0.01252607526983976,0.022485747747253815,0.031675415055469974,0.0443428787064656,0.05116709936246781,0.05142400886283923,0.04712920876357882,0.03312989503914288,0.03467416558581949,0.03899823697276144,0.028969861760032255,0.030520881049958638,0.03187220619194546,0.022610048388754033,0.014919929298753201,0.011131410425037992,0.005270406202954007,0.003638578583765899,1
4277,0.003188566199293846,0.0012994629515213157,0.0010617752144391757,0.0010369779164359975,0.003888667186634992,0.009098354066818162,0.015425891869399496,0.024410544689151402,0.03462350912239142,0.04957078496165031,0.05816685285013207,0.05537011213808469,0.05268016887981003,0.035578064201716976,0.038373677763956976,0.04288326365679901,0.03034456627965821,0.03017478932463297,0.03040923650573879,0.022869589869550944,0.014801732607216149,0.01221252837210247,0.004666400623961991,0.004147911665743991,1
4278,0.0031125553877042267,0.0012991038379678622,0.0010291553558798234,0.0010073423701029548,0.0037900201932466954,0.008834049005426782,0.015015408045582178,0.023834856352438063,0.03418923175348098,0.04886499335991201,0.057158298820227084,0.054254924254484284,0.051635444121290175,0.0350409008926062,0.037781388846042374,0.0421388658350513,0.030256640108417176,0.029967469241017477,0.03010159714808827,0.022682209300306934,0.014719759183531921,0.012061085302945886,0.004710770180510771,0.004063313555861171,1
4279,0.0035111970456891193,0.0006792786026688623,0.0005266384521785089,0.0005764239893183363,0.002355634534130765,0.005187941895376108,0.008357714356267643,0.019786044669234573,0.032211650191393396,0.05345651774106908,0.05551679640170293,0.06432536783272423,0.05198312966359666,0.04179162954326262,0.046002975271368755,0.04345316526637861,0.051052089397739364,0.04949714524814196,0.04366781009311519,0.037381275551982424,0.024469855249395402,0.016097527557358497,0.0074169908967665794,0.004024584515702562,1
4280,0.004831399340293487,0.0007224735525903221,0.0003278890664088088,0.0001357526928117289,0.000767065309815003,0.0013197979854136484,0.003977656603476372,0.019564566291422898,0.026357215057877473,0.05085154905743774,0.04652920684537557,0.058456990009657414,0.04962356689681191,0.043749595881844065,0.047756418498367946,0.040550435845884206,0.0586089913049376,0.05772427320468215,0.05031799164736253,0.05108869185282448,0.03356227261220327,0.021142090618315987,0.00858016104793419,0.004033397548582585,1
4281,0.0040762599327589695,0.0008397941312526665,0.00039967419728430254,0.00022886584315074025,0.00046288428018408665,0.000484763126861995,0.003740228935291134,0.019601695176968678,0.029777392360948774,0.0524074887086905,0.046608897633572136,0.0499321494983602,0.04532983507717832,0.04052638041120092,0.04520293976523527,0.04123247056100818,0.054259786303245496,0.05776624737729224,0.05371247365707292,0.0470197523491085,0.032933387504221104,0.01948442474958183,0.008119429621739728,0.004049469406708275,1
4282,0.0020291078139344147,0.0008662348349402632,0.00043545337309303377,0.0002825560550366587,0.00048727065763302295,0.000471028437593555,0.003525790092463614,0.014877453892130774,0.03220387436848353,0.04897656763254445,0.04060808940944469,0.03603201960414696,0.03542650879702239,0.03228137337308007,0.03432332515592796,0.03420042175907915,0.04107882662318151,0.047785209773407986,0.0482790239921394,0.0331451524987332,0.02230231486078881,0.011501974869482835,0.006764703566177045,0.0041755957813806146,0
4373,0.0021272522111180077,0.0002272982600395897,0.0014521380687968534,0.0033113208045452394,0.02826897760416174,0.04197131655803406,0.045586532511855515,0.06356715976578448,0.07178922346665233,0.06918651765608072,0.06217574490601039,0.04573475284090068,0.02809277731007155,0.020116677551242745,0.021072175289167605,0.023390126928998705,0.02921674946385482,0.03390586738935698,0.03712598615550564,0.019464289642531097,0.005465679126889357,0.006307481830820677,0.0033693084754964926,0.0024488272718341158,0
4374,0.0027645097108792596,0.00023139970172378265,0.0021300740374056693,0.003998409266057027,0.03400988979195642,0.05081773116648253,0.05362858459657403,0.08428694695314685,0.08346767351747782,0.0815097140918293,0.07784644499902593,0.05536413269673807,0.026863598584905245,0.013260163022426599,0.011572032871231812,0.015724940792453772,0.0163167506490907,0.014979547063015214,0.02032836140731716,0.0064546182286536495,0.0045645127004023105,0.005678885392184563,0.0013372035860754865,0.003004478220033591,0
4375,0.00277218098746121,0.0004354489339591479,0.0021935333025263526,0.003914114197346231,0.03224072103386875,0.04912353269127092,0.0519365547330561,0.08191117575325424,0.08104279506482573,0.08021794670105838,0.07723999127816122,0.056731904422367585,0.02828127395426712,0.01429302476416056,0.013324740509839549,0.017989898674349653,0.01804720954639071,0.016957415677053455,0.02179639425789949,0.008053708395005653,0.005188018881831826,0.006252637508038882,0.0015534830937243675,0.002938582798330715,0
4376,0.002717978281904958,0.001491110039908493,0.0014768470710044054,0.001959652832601879,0.007695804739008839,0.015178871418902942,0.019240143337709324,0.028520069272164092,0.03831691874025426,0.04898400210036638,0.05520373927987588,0.05360802905830925,0.04337047884392303,0.032435670664113535,0.03679081530065998,0.04256224565480111,0.03184896986973528,0.03586569825469603,0.033035340961431625,0.02392759847274808,0.014928367882215889,0.014002428029656134,0.004230263239999687,0.003429437664871232,0
4377,0.003029232852250403,0.0015605905426742215,0.0013953609419801863,0.0015844103163544815,0.003888667186634992,0.009467031208374619,0.013819140303996419,0.024039071318497043,0.0353807872760098,0.04933852029632804,0.05877020897524533,0.05854115804750929,0.05042958302736354,0.036857645276491144,0.04229585900077269,0.04781839158099774,0.03690902265231351,0.04007298984244485,0.037668316859446,0.027750677650306383,0.01773211467828779,0.01588128760621461,0.005213833023880475,0.00440408215869551,0
4378,0.002396390302236645,0.0009308265485949116,0.001027478617335252,0.0011673395574658917,0.003888667186634992,0.00922553012544975,0.013601101657647337,0.023041781948292563,0.039661000750133873,0.06192995698759069,0.0720473970829123,0.07875200411205001,0.06685284899980487,0.05212651584000254,0.055485697767170536,0.06060609808228409,0.050587972789846766,0.057035639471121426,0.04746766078195084,0.03815673344018584,0.020332546301284407,0.016469556685307196,0.006334205517017819,0.004475473074171168,0
4379,0.003791831500573727,0.0005185611495266243,0.0005441861352586121,0.0010368370842109731,0.003887982197627899,0.008891649573698774,0.012023941560700935,0.022210824014298042,0.045370662510023266,0.07441335134138802,0.08575050752260945,0.10040999981250094,0.07238053630307273,0.056366527777439,0.06394623952584293,0.06574485717024234,0.07395836309752184,0.07218779027887506,0.05999675828529734,0.0406287196705606,0.02550675783178623,0.016505078491539985,0.008276856235096323,0.005034514819058943,1
4380,0.004191194214837586,0.0007799005614526886,0.0004700635300782987,0.0005270110183240777,0.0014082567611955767,0.003369242867773434,0.005158552915999993,0.01682098776177672,0.031711328921419604,0.056676498788105864,0.06188330960357239,0.07409649653453497,0.054752175537913665,0.04441111517910411,0.05034340997874625,0.0459147806319045,0.06137004713537707,0.05927751804293601,0.050762705490799184,0.038456331240411964,0.024229314010245268,0.014857339135601383,0.006204012052206344,0.0037568965988083263,0
4381,0.003397135994029866,0.0008968122411293097,0.0004484061205646548,0.00037653827210336815,0.0002989374137097699,0.0008571078367464046,0.0026392077310526717,0.014528358156191362,0.025865432231381304,0.048184513196494194,0.04455557557604989,0.048711939272089194,0.04135090409756133,0.035308179687947534,0.039068746986565026,0.03242782183912096,0.04727575002874457,0.04883769209968083,0.046530213708032966,0.03925664617357431,0.02322005438443946,0.013460798819918606,0.00508506647898911,0.0040062634317173705,1
4382,0.0022424261790689563,0.0008387456395611793,0.0004193728197805896,0.00045857081500595,0.0002795818798537264,0.0007381526948596765,0.0030284813507017293,0.012196567850752302,0.02837362789016011,0.04773626309480363,0.04026806135132806,0.03572701852217415,0.033480709546015064,0.028510545961433376,0.031189460162227692,0.02818626460820177,0.03768693897523595,0.041355016534521234,0.04369883076190577,0.031124134020456388,0.01832435296533201,0.008808470040033427,0.004492982543783173,0.004294698369675421,0
4473,0.0007766412963138223,0.00023825062673541993,0.0010440611474499108,0.0027448107714311294,0.024048758502371707,0.03556252297901651,0.040132094160165825,0.0464243122647023,0.05614710879960804,0.052986574299541865,0.04850794023436866,0.03280970491397577,0.02110685417927912,0.018442781335552175,0.005549538667766699,0.005799292175720028,0.004654888811701863,0.004163807599107363,0.006019250958072295,0.002338734240588297,0.0016798509155531729,0.0017906721716385503,0.0005536938455736676,0.0008880789220672017,1
4474,0.0012646163758487507,0.00023139970172378265,0.0012678491693005815,0.003211606663778374,0.02745149104333467,0.04062187728087433,0.043957265779151614,0.05781853317968237,0.05928766607762211,0.055788681391430596,0.05085178576107603,0.03399193546977803,0.01613978883851201,0.008535926616155402,0.00617241686512198,0.008825431451313424,0.008217326639925946,0.007480080387862666,0.010429065396115796,0.0034548315585926307,0.0024646620313595984,0.003016788522042864,0.0007372462520632829,0.001542296017916299,0
4475,0.0013422493360961182,0.0004846909095735002,0.0011613346897947046,0.00301736182741783,0.025031247844706703,0.037523802476363666,0.04111756272482947,0.05127304089427476,0.054215035425884926,0.051212573002100775,0.04692990574149965,0.03139805180081027,0.015748735826705575,0.010299712188135569,0.008111143754103118,0.011210653306763272,0.009354899596714173,0.009894399745750128,0.011178926251636329,0.0048500178677461534,0.0031225800367084876,0.004059897653843627,0.0008153349209486986,0.0012561929599627908,0
4476,0.0026717917593064547,0.0018747694737007118,0.001437113866511821,0.002358432071235462,0.009144314236492396,0.016188258802715266,0.019568281076568033,0.024307418667315003,0.0334713446421059,0.038622843412591805,0.044550503228732066,0.03757745845364595,0.026560996461113692,0.02559435430051368,0.02802730023550119,0.03454223573722768,0.028144986098411245,0.034244267466780456,0.027674712165499136,0.020551782471533837,0.011536448973616954,0.013022365785679571,0.002905587457073121,0.0017859037241020565,0
4477,0.003200728105124468,0.0021192591917587648,0.0015965912662311004,0.0021230559756254155,0.0035640541137505516,0.008372003876366139,0.011043608585340724,0.020289237218386536,0.03279755983161765,0.043728163821785,0.055445257851018566,0.05289983553906702,0.04092922400161707,0.03555635160903897,0.041967837521444944,0.048710046303428046,0.042458817852702904,0.04890286259588443,0.04225255321099398,0.031135317182624973,0.0190694355960579,0.019157760761615728,0.005167590263540938,0.004029595055053034,0
4478,0.0017555565871186206,0.001244144400550477,0.0010004950441543682,0.0015190614197533384,0.0038855162992294016,0.009155019759916585,0.011618045431763195,0.02112237465349279,0.04909430467926293,0.08185757485048542,0.09832412687224563,0.1115537509942193,0.0897071179016904,0.07796242488663183,0.08340283354066665,0.09592750215150088,0.08716902844432534,0.10679876011073579,0.07876813484001202,0.06418170365310435,0.0301491786707516,0.024758103162556225,0.008797549086273943,0.0051971761761799296,0
4479,0.0017450936017951548,0.0006502015735340028,0.0004940897360367599,0.0007800303554105293,0.0026389087973778726,0.006097174039891437,0.007810224263341949,0.01624862328882208,0.0480732128354254,0.08600172701905683,0.10149878320679885,0.12082157696351298,0.09472313747430193,0.08276453878764227,0.08650414246365856,0.09562194363953648,0.09507859332842507,0.11249527152117705,0.08091943244413262,0.06412332961294967,0.029105499305470746,0.020789404172948948,0.008756007358532462,0.004320212454837721,0
4480,0.0035975808663841896,0.0009156825734774012,0.0004484061205646548,0.0003178077460578614,0.0002989374137097699,0.0009010950721023791,0.0016286153944873039,0.009844185792456496,0.030531528044735988,0.051906208451813034,0.06056296519485063,0.07129960421615054,0.05018881691398811,0.04089402243591131,0.045851242414737495,0.04447037831927315,0.058872419458325526,0.05718884041278384,0.04583822533246073,0.02557753247997751,0.01631739022535209,0.00849729818188772,0.0047288616852482965,0.0021698792248625695,0
4481,0.0008365181243194062,0.0015707597475916291,0.0004484061205646548,0.0009751565415836942,0.0002989374137097699,0.0007063901580563438,0.0029330371833690655,0.009715471288762986,0.025532727598279882,0.038962861081120424,0.05055267779603187,0.044237005336683954,0.04588902700416659,0.031085959443573768,0.03978778802117337,0.032566251863554004,0.0462495825233966,0.04739742435212271,0.03566183253393846,0.020789409462441545,0.012386159983193165,0.005941077621657846,0.0020929864306417304,0.001532968375255244,0
4482,0.0010663523584710083,0.0013824819360588343,0.0004484061205646548,0.000846758773891064,0.0002989374137097699,0.0006600264926713093,0.0030681553519971844,0.010620778275734877,0.025532408120312308,0.040142503273195365,0.04445606593522263,0.0359031195446839,0.03968597694094675,0.02737956359718112,0.034518027604179304,0.029167574430915423,0.04000953035219898,0.0430258748586681,0.037247630465351296,0.02294619223603712,0.013862780091236513,0.00640471953332526,0.0025476949632175882,0.0025413743826270033,0
4573,0.00021629960986576516,0.00035741747231206257,0.00054160394456855,0.0024158103404432717,0.020265345223628908,0.030191333803234216,0.034397628427850414,0.03468964218119716,0.03919205367171149,0.03652914977949255,0.030300922319912136,0.019138692814587917,0.010565902041365373,0.007535956220164984,0.003492394324039527,0.005415216272455915,0.0037166639868929847,0.0037149517475180975,0.00483013218896102,0.003589443781650141,0.002715383049804084,0.0015781388514163565,0.0006252366355301803,0.0004973712267683878,1
4574,0.0,0.0002278097291479649,0.0005135683435529218,0.002443366136671271,0.021152974311295817,0.03115398510181613,0.034957010334054565,0.0344674937975713,0.03769078306765093,0.033534201535015566,0.02749341676739377,0.01578985133418066,0.007054143722854614,0.0044967698387508755,0.0016857554660684056,0.003079367623643692,0.0014965458845275332,0.0012664879519887612,0.002156282342132236,0.0010184615488337838,0.0007348960509200183,0.0007466873289399984,0.0002641616733642502,0.0002900475196946338,0
4575,0.0,0.00010505590670319948,0.0005331974517289348,0.001717932577969294,0.011068888997689012,0.01688552266807635,0.0193759347299045,0.02034070498716831,0.02288471964711224,0.023641866519016473,0.023115167248160238,0.01609504675461449,0.007730175123752618,0.0047632597258355745,0.004214892886888496,0.006060604336846483,0.005468312298321683,0.005831766284899062,0.00549728140163609,0.004193766177191648,0.0021264681442914467,0.0010989208580951542,0.0019320411181201636,0.0005790832470408892,0
4576,0.0008745961490880438,0.000577371502103958,0.0009080686807194899,0.0014769376817930662,0.0027589117169043685,0.005305593070129032,0.0069845130563006095,0.01034089619637449,0.014238826146455769,0.01986214839646641,0.026097437759735043,0.0222745635366992,0.013335138989414515,0.011272991687037501,0.013413521116227158,0.017151151637271617,0.015379704714346135,0.018287497553351743,0.014739377589644564,0.011582656771573295,0.005767136772322424,0.004773681971050716,0.003433817731019836,0.0010531844257389313,1
4577,0.0021393110709256482,0.0024908627009740704,0.0010894421574184816,0.0016423440995882016,0.0024880587397637407,0.005587376088496541,0.019105785034778236,0.021610756367269474,0.03178616994172672,0.04009210109737351,0.04255378480170949,0.04504817714707595,0.027831724462544054,0.022703095648697148,0.030060831628636247,0.0363251618827366,0.029559029210218326,0.037853060722377825,0.03658796150816009,0.02031948376369691,0.010801865401540878,0.008718294432765566,0.005699817138650492,0.0016276981338275954,0
4578,0.001736213381514844,0.0030671654906126444,0.0006066041632949032,0.0011502208812912067,0.002865967363631559,0.0069050345229494945,0.028842267778536292,0.03026425016469257,0.048630443405836374,0.06523227630145857,0.06358403939508807,0.07693720737293425,0.05151427683015349,0.039252836923330925,0.0494433009120258,0.05750280582461528,0.04881561673762465,0.06200265524153312,0.05868105159755444,0.03356819497940048,0.016977791802294338,0.011264811693537583,0.008391881097786075,0.0027169959896115995,0
4579,0.0009238610796599466,0.0015197479778912243,0.00045679607455233494,0.0003705228400331503,0.0011865327878126004,0.002227995738703854,0.0067050380484476564,0.011952314958958883,0.034886575951782864,0.06137215491049268,0.06883310166792558,0.08046380040524907,0.06260520064393249,0.05733960548176681,0.05963527503420626,0.06409780748281552,0.06533677200437997,0.08505546223103552,0.0657360871527991,0.04491889514491222,0.022094434154304732,0.016787833039570408,0.0062754389877783655,0.0022602817212175152,0
4580,0.0014616630393816683,0.0009266395530131808,0.0004484061205646548,0.0003287647255936409,0.001411765971274666,0.0018306082115527094,0.0010359217538370117,0.00599022562896525,0.01778656344313722,0.03209484963086446,0.038323894822065815,0.040651711362556776,0.02833082186656919,0.027299290784457936,0.030333519170709,0.028714493138868685,0.035253871890503906,0.04548311102497238,0.04008966933470385,0.018166491244468785,0.013746731926246971,0.011485911416410003,0.003805149964318912,0.0015205554220106333,0
4581,0.00043269773567443175,0.0016152563222185275,0.0004484061205646548,0.0009987799499948365,0.0005478565128349423,0.0007909892921322582,0.0028096680535213223,0.009037858471479174,0.022543981344760107,0.03453641607985829,0.04542648318227496,0.03575791384358136,0.04103656154629948,0.026637517984474016,0.03548957832075303,0.02978121324962868,0.03990093016740151,0.04431374209659844,0.03472282857453725,0.01778108072422156,0.011760915223604075,0.005947095884141797,0.0016906946931754964,0.00141962454091057,0
4582,0.0008926422012164827,0.001985790056914942,0.0004484061205646548,0.0010910628357420453,0.001189494594969839,0.00059787482741954,0.002530015012864538,0.010426308332810042,0.02363000424068086,0.037886952080281304,0.0444853952545442,0.0360260150972779,0.040672248533044776,0.028318245215962327,0.03521406868786502,0.03264624277098806,0.03935276215774771,0.04666023665397551,0.040872872101342356,0.021645269991538794,0.01477761297037957,0.004977249213969056,0.002235775542954034,0.0025326279367073904,0
4673,0.001226767801828878,0.0009416245987895314,0.0006641021017254264,0.001795579083049963,0.0032821833047802897,0.004858780099929098,0.00892073189213119,0.013783031112433999,0.015613129955867402,0.01685000763506815,0.0136740694731127,0.015165828986614728,0.012739376545942873,0.009565537568761375,0.006648017674863368,0.00852469755959141,0.00798566813037681,0.008904569296038665,0.011612600501384926,0.009342661030505487,0.0061199920046288245,0.003885001754817932,0.0013332084730303645,0.000424149004585292,0
4674,0.0004171951584597954,0.0003981881301969965,0.0005849482459399569,0.001816129175449487,0.009102808060618715,0.01365884482966822,0.01671223460863526,0.01882104630524814,0.02122269376346518,0.021451703516048085,0.01983571924349825,0.015403515403500214,0.009138680513587126,0.0062082791231947215,0.004728980563775973,0.006491308885745295,0.005851011142621778,0.006395488543611599,0.007047032845811479,0.005399628538532133,0.0031584052345370026,0.002003352163813184,0.0016094868950472297,0.00048314960405487593,0
4675,0.0,0.0,0.0005529019421697201,0.0011058038843394403,0.0024880587397637407,0.004714745652320792,0.00608192136386692,0.008308608276423974,0.010273923361774335,0.015204803409667303,0.01939680540757472,0.016355844725641253,0.008308608276423974,0.004991196623405652,0.006373451478829953,0.008600138391387006,0.008861510218593695,0.009721021419604617,0.008338766564180315,0.006911274277121501,0.0033174116530183206,0.001397333999302472,0.0033475699407746642,0.0008293529132545801,0
4676,8.412855240497442e-05,0.0,0.0005529019421697201,0.0011058038843394403,0.0024880587397637407,0.004883002757130741,0.006250178468676869,0.008392736828828948,0.010778694676204181,0.01613021748612202,0.02091111935086426,0.017617773011715875,0.009234022352878695,0.006168996357075296,0.008056022526929444,0.010282709439486495,0.009955181399858362,0.011824235229728978,0.010610237479114626,0.007331917039146374,0.0035697973102332445,0.0017338482089223697,0.003852341255204511,0.0009134814656595547,1
4677,0.0017389760713462162,0.003301041982149635,0.0005529019421697201,0.0011058038843394403,0.0024880587397637407,0.006039518138471594,0.03101664639053198,0.03017643807073859,0.04313235816403604,0.05248927109629867,0.04671461720879395,0.05661245921464482,0.0327115098645274,0.0222321189924866,0.033222969780450785,0.03907330050522807,0.03096554048062769,0.04095906076487327,0.04635580003429103,0.019732457111539623,0.011010121353669196,0.006200058628145705,0.00782454606469388,0.0017430684890633878,1
4678,0.00114935938865095,0.0021928487094726597,0.0005566706434096967,0.0010601083818073957,0.002252161596536646,0.00517775430698508,0.022833518801442104,0.028113259485359175,0.04280474809850341,0.07504261711744843,0.0731738422893369,0.06771659391550107,0.05824426368795619,0.041749213318186054,0.04863235277318767,0.0473506545535446,0.050167860334803666,0.0620488552162985,0.06279102349930071,0.03739504262655875,0.03020652718052664,0.0157832867499185,0.009444013861143389,0.0033155220733219245,1
4679,0.0005891202057621542,0.0011322320131680085,0.00045780951413082813,0.00035864765823263395,0.0008734590614890797,0.0023014549480912558,0.006235189872332716,0.018034485548826563,0.03527100285798741,0.08112539729163484,0.08522547404177075,0.06596503414319403,0.07297772465232272,0.054970185994580395,0.05658627247363088,0.05071656530454005,0.06471653735658443,0.08182609065093302,0.076327706551067,0.04730120480562654,0.04256676516342159,0.024584765181741835,0.009082673244827762,0.00434562838871326,1
4680,0.0010089137712710292,0.0008968122411293097,0.0004484061205646548,0.00029893741370977,0.0017188901288322884,0.0023216064764828783,0.0013549014021560645,0.006301893289060419,0.017359101061228316,0.03338218219132674,0.03766488295271431,0.0357645703887566,0.027162769382810155,0.02576816812526605,0.02842123767194081,0.029500924651642106,0.033353617679842906,0.04881966769433521,0.044278388621148836,0.01848011636264106,0.015744081725522212,0.013513758394814732,0.004082705302259382,0.0016489972956347848,0
4681,0.001504378443132522,0.0018244907756817968,0.0004484061205646548,0.0007627766809860134,0.0022459802052790306,0.0011533998171600701,0.0012111828015506684,0.008957552024842512,0.019437952084179644,0.03547114880758496,0.036184920720958795,0.033608344624657886,0.029718913999886076,0.026988127410385587,0.02920898309436936,0.03167677029641979,0.03202184968904719,0.04656734539100993,0.047124697867042195,0.022477575263867865,0.0173185956418414,0.007704350502785941,0.0035700236481334907,0.0032005754307989384,0
4682,0.0018227891079813634,0.002420663935400904,0.0004484061205646548,0.0010608632608455667,0.0025847149551171604,0.00059787482741954,0.001509269381410222,0.011640331243578491,0.02311661146744072,0.041399006929777216,0.03923353346950197,0.035247820813860437,0.034969302622402075,0.030016416073939466,0.031959509263052965,0.03619549185927145,0.03507046243759035,0.049900495329403126,0.05246315752449512,0.027389229136545738,0.02018429162548097,0.004947049639072576,0.003630995903101356,0.004392921750237152,0
4773,0.0013911166142072569,0.0009969880765699054,0.0006646587177132702,0.0016925463836735342,0.0006646587177132703,0.0010896868447409804,0.005201237508582036,0.010725145916110434,0.012323442986021678,0.014170487316647004,0.012001687541025397,0.015175041517654218,0.013439471085138755,0.0104794064448194,0.007789871984575961,0.009482418368249495,0.009397285724515725,0.010394273801085633,0.01331378039210436,0.010395824346676845,0.007191570780657668,0.004204249432012129,0.0015456145611590488,0.00042502812702771006,0
4774,0.001010463067737309,0.0007534155326143192,0.0006362051711917445,0.0015058217805002786,0.001090181133633897,0.0018291560487358539,0.00512210682197811,0.009665542450053459,0.011346146854332427,0.014153198231970022,0.012834386426677257,0.01483732314143823,0.011926857179646566,0.00861777408025218,0.007244860969871519,0.0088716795164213,0.009041223560345682,0.009929309685121528,0.011827134058616701,0.00968529913936253,0.005886107122886297,0.0035074365254583887,0.0017995358438292457,0.0004963484169313636,0
4775,0.00016724758869828267,0.0001003485532189696,0.000557638157071148,0.0010483772786629834,0.0021916012882934295,0.0039759899165192555,0.005230882748811903,0.007650812214091203,0.011426586473071702,0.01787824980728064,0.020264554862825922,0.018530642215304375,0.011511422299025378,0.0073941801693660466,0.009887226154236086,0.011230850419019714,0.012783341594282646,0.013535142748740086,0.012203062898325031,0.010603898196582763,0.005722818981162841,0.0024148266799474947,0.0030615128944498395,0.001020429583174833,0
4776,0.0017646838498982986,0.0004631564462764382,0.000561928735611393,0.001082772919167838,0.002367776958649558,0.00392075687205194,0.005090140843186096,0.01200669686605955,0.02514188271010823,0.039658422488300565,0.04094325924972828,0.03996943043952808,0.03981290655457345,0.030275947975478973,0.031966491559549226,0.03334878963887993,0.033785391163858806,0.03800757711666674,0.03638338772881551,0.02797433053683192,0.015958920128191157,0.009285023768560777,0.008440726014005877,0.0024413259183826805,0
4777,0.004613272930249196,0.001326062293901039,0.0005716860258985353,0.0016227340717734325,0.0034257348568537556,0.00399068358808146,0.006860265314795372,0.021557091974517988,0.05601193139989399,0.08467241782650411,0.08300720345776696,0.08202156163660901,0.08986536337033198,0.06810417425789221,0.07005791558299976,0.07173800594498385,0.07167745628775164,0.08370220473411154,0.07940004580309196,0.0602966658134454,0.03461787015567066,0.022329674648112995,0.015150053262115453,0.0072214988988101095,1
4778,0.002247262040391877,0.0011085411561048298,0.000579113533800142,0.0011450008247620947,0.0017477036116406845,0.0021780421374921677,0.00423780800957566,0.017604656707098758,0.043348889844405575,0.08328746028501845,0.0827541004352833,0.07236246636568018,0.07841549700945205,0.061590319524740665,0.0649034251941986,0.0602553208878472,0.06975352307282784,0.08067416440834786,0.07715124505089853,0.05642679070824101,0.04161416430860582,0.0251906393218362,0.01032504414348133,0.006002407472899699,1
4779,0.0006449494620546497,0.00119572473064362,0.0005084866440997817,0.0005152272984363057,0.0005984354233032091,0.0012761159361214414,0.0023253439491417688,0.014279701301826639,0.030827584012313163,0.06584031957761896,0.06756373803814904,0.053530640504331456,0.05998843219443933,0.0481219008613782,0.04864403599950839,0.045136274339721436,0.05786351812233012,0.06623629875380799,0.06578963038131085,0.04373880032543077,0.03536031840139809,0.023215615079044804,0.007660860949506348,0.003790385924738199,1
4780,0.0008156502744683778,0.001107662896952431,0.0004484061205646548,0.00029893741370977,0.0013240729460503417,0.0016964846401767144,0.0009067273788725967,0.007636259814148639,0.01914498363752387,0.035221695622106926,0.03843386397815977,0.03507136241004078,0.030920862184085105,0.027901406108978507,0.028816229427438427,0.029453082945182528,0.03559799489653895,0.046556807397709565,0.04565881582679874,0.02250285928971348,0.01731056084687627,0.015478796191046232,0.00470263165101264,0.0019308668010243307,1
4781,0.0014619800594884655,0.0018589007618585918,0.0004396688801533879,0.0007839977945536444,0.001947543415560294,0.0007591707229045726,0.001530506203646905,0.009910223593565307,0.023158788350328294,0.038658657167141564,0.039359664653516986,0.035404587772439586,0.03482794706763626,0.027867023815106962,0.03085669342588967,0.033483956776825946,0.03262128590468639,0.044732554191049115,0.04501395011465729,0.024646933560672758,0.017728867255996972,0.007128609641818624,0.003953388009038637,0.004168851141145513,1
4782,0.0011414794070920922,0.0012769299502569265,0.0003142904426097566,0.0005506432752750136,0.0013514683694606498,0.0004021121424632066,0.0017157438588292937,0.008391942215699617,0.024000863960561888,0.036383133230209544,0.03863328231807645,0.0345011335337895,0.03634031118240486,0.026619686695554732,0.030427984786633295,0.03175581434734068,0.02932084722369114,0.036536705103195566,0.03508841908809129,0.02330763894202521,0.016014332290709987,0.0068972916880410285,0.004213698632971922,0.004334571793293,1
4873,0.0030119651243849495,0.002441923268630509,0.0008212776111007305,0.002257638758154308,0.0020715415614873745,0.004204423294660931,0.01003524459143625,0.021036228374990657,0.04172267711640912,0.06261005287076157,0.06707722994584728,0.059447897872146764,0.05160743665177421,0.05058313662609379,0.05106944337240449,0.048049855066087506,0.0619062553056224,0.05851987977604521,0.0704642212488294,0.047518317695073586,0.03767473275430677,0.019519375713777563,0.010822361811119065,0.004127819784591557,0
4874,0.0008166179945738339,0.0028928923733937822,0.0007326395549088795,0.0016832701570726764,0.001981806697395072,0.002803030709386762,0.033837845287594835,0.1834374115875365,0.4093604251395892,0.3004244526545617,0.1866456106124366,0.18380319439343612,0.2048626118117468,0.2894315556420786,0.3461469239606337,0.24649276445558227,0.34355404205523576,0.6562943925526143,0.9715891966503766,0.6081885092269103,0.24289006499062454,0.09459659452425924,0.04725356244657423,0.015884302738800614,0
4875,0.0009597196608497403,0.0005758317965098443,0.0005758317965098441,0.0007677757286797922,0.0007677757286797922,0.0009597196608497401,0.002751761507719383,0.01523116889049669,0.03967981199139916,0.04501090943393012,0.034122914152085515,0.03765948392804859,0.034240253667967686,0.033997212117106074,0.044157034360827616,0.03637241522237224,0.045809247158129195,0.06675214094925101,0.08344348229427201,0.05741322658072138,0.028017486105535575,0.011919929949891205,0.004808301381925914,0.002719488279049328,0
4876,0.002091162429632319,0.0007981234284228392,0.0005802902736718292,0.0008085665646533264,0.0010612459191618906,0.0014376629653792895,0.0016310930566032324,0.008871730801619905,0.026130821997852476,0.043934745105355485,0.040196369227574025,0.04356931652251219,0.043121766012141974,0.03469157761236882,0.040037081573402286,0.038837699945059145,0.04062366126503337,0.04563276836406806,0.04343108921326943,0.03305636082412418,0.020476971390770444,0.011401230138098496,0.006814237524815257,0.002762031375280232,1
4877,0.00489628397969392,0.0012178200641329666,0.0005802902736718292,0.0015152049361642906,0.0028942192978939464,0.0029836946083105086,0.003177124699534451,0.018833127094735926,0.05570455556342288,0.08642970376049372,0.08397237013632353,0.0836354659808358,0.093061502377658,0.07221915614144667,0.07515676243114913,0.07565811969212739,0.0758086787517509,0.08885735855822204,0.08365246632850845,0.06331530082524994,0.03693190874841835,0.023858333488495743,0.015186217892536909,0.007554313139965435,1
4878,0.0022507887276848886,0.0013261338925035884,0.0005802902736718292,0.0011969932936880866,0.0017923392910349735,0.0017345695220211733,0.0019279996132451167,0.014061307779785535,0.03910757479404787,0.06398083599283369,0.06261670445077544,0.05770049841874557,0.06058884181882201,0.04937440397138984,0.05180537116993544,0.05236740134852226,0.06028882878049192,0.065944016768468,0.06505989364221355,0.04836024044344193,0.03096265171779428,0.021895513489503783,0.007867163208504325,0.0052132138943866,1
4879,0.0009396343908699284,0.0013792099787561661,0.0005748594713198997,0.000754169476428819,0.0007541694764288189,0.0009519442095343092,0.0011435640333076092,0.0118989923116597,0.02879145825334916,0.052459383968986126,0.05014761459186375,0.04459516722655399,0.045586162798158796,0.04004041608736965,0.041079362423795514,0.042031420904813856,0.05125210558997931,0.053327858622666535,0.05569297120288534,0.038534683711003145,0.027099293594016693,0.020675008438815676,0.005881500563109596,0.0030337221183042093,1
4880,0.00035182827395933226,0.0013516662175009143,0.00038585769309963295,0.00029123375844659715,0.00034522097030318955,0.0005539727166945981,0.0008406197913319769,0.010421262763092428,0.023921718685523712,0.040467653335849244,0.04273918562234904,0.033707079537202936,0.03949342582127485,0.03275303146349937,0.031066545164347918,0.03234161118930396,0.04213280698923244,0.043357664056221094,0.046950330487387164,0.031363501723943005,0.02180837667224986,0.018055606557285702,0.005359161397424084,0.0023833425192620835,1
4881,0.0004376345372478343,0.00013392772909151792,0.00017054112130811594,3.6714252181030684e-05,0.00014481019056217354,0.00018889824739863143,0.001849773786869556,0.0051460026560674384,0.024213081959236837,0.031562301803413816,0.037647707897792405,0.03299380079146811,0.0378711835789164,0.023622231785783966,0.028959360718172646,0.02773178640974933,0.023808115044329666,0.02359557040192022,0.018886177961148453,0.019363116527723816,0.012209332818215889,0.008905817957988718,0.004744134572593553,0.004053082354165243,0
4882,0.0004250198603076832,0.0,0.00012323061038464221,0.0,0.00012323061038464221,0.00012323061038464221,0.0018912126328462608,0.004511713865066283,0.023879038978836073,0.03018388397051823,0.03671004107881542,0.032389283299002716,0.03718790947913382,0.023011394885298336,0.02849389959222159,0.027083034848836774,0.02239524183337513,0.02165585817106727,0.016371925123188656,0.01854491398645172,0.011664119088220772,0.008279085089538639,0.004687793015461644,0.004071639963538433,1
4973,0.008482512361304288,0.004734980092899247,0.0011000344495089198,0.0034363403547420512,0.0045906387894553815,0.010523062969347711,0.013723378399276669,0.036901607557242935,0.10297073421630654,0.16886203788969176,0.18306871588189422,0.1500283509432949,0.13845003347923107,0.12751535145777487,0.137564214191348,0.11922706463180935,0.17171336739710868,0.15867504895703968,0.2078972090941434,0.13972756347757603,0.10468311503902378,0.06324682819397578,0.03545555710085411,0.011983913202186293,1
4974,0.0012814806427925002,0.004616911026872786,0.0009470200131775256,0.0024783641517461016,0.0028233482370629403,0.005027052369575475,0.01024589569852903,0.016929565966675778,0.03211283496964772,0.04451553428983655,0.046925787901055685,0.03903150596058182,0.031748288633721755,0.04120989109340325,0.040710318446090826,0.039336579937037555,0.0441079166031055,0.04815695965840893,0.052151727602429795,0.03410228328781037,0.01889168838327056,0.01365012865870734,0.008240071049371387,0.004377674612578493,1
4975,0.0008780623759816826,0.0011773243230794477,0.0006008841065195016,0.000977834360548487,0.0009965711676695938,0.0013470040375263023,0.0023502219176851436,0.006452484803198626,0.017651867445276845,0.02955254645602275,0.026553444837243506,0.028084680853780162,0.022704354062286228,0.020436374428508677,0.02569470146244433,0.02432245295581485,0.027327724181754193,0.02982992086825325,0.02822749652917589,0.021462852819527433,0.013686401067392714,0.007075857529755498,0.0025981269084431615,0.002134558030921218,1
4976,0.0010843313091400712,0.0006575376694208777,0.000572075798644252,0.0007627677315256691,0.0007880749769971372,0.0010084095727256668,0.001212107757734016,0.005500393061744695,0.017488853638778473,0.030541139842663226,0.026656575024254957,0.02982033116418095,0.025130681596250884,0.020221219939225443,0.026527084514642987,0.02484395050247031,0.028022563150361186,0.030629627189187762,0.028444863587375843,0.02251125023039297,0.014672929537925566,0.007217854888148604,0.002710910525631547,0.0020001827347311536,1
4977,0.003833443676965214,0.0011221520701768968,0.0005802902736718292,0.0010562717738718448,0.001855571545221803,0.0022831985898435587,0.0024766286810675017,0.015082234055804363,0.042984877730096516,0.06890994094208487,0.06611256199129344,0.06793392259652489,0.07424815971365781,0.059392112090148476,0.0627305347682133,0.06262038466969598,0.0625411462040474,0.07213975606547059,0.06899834022908591,0.051097932932038764,0.0306825761242003,0.0191177571702046,0.012999424714463189,0.004909859761307042,1
4978,0.0013082050816830308,0.0013576593809076663,0.0005802902736718292,0.0009317816282451578,0.0011264415640373298,0.0011984090643546732,0.0013918391555786164,0.012356886430894371,0.03186158986790998,0.05543415211902713,0.053660532607212874,0.04816499991023674,0.04922895458787149,0.04212145178658485,0.04390871916057934,0.04461748065350299,0.05390862605676331,0.05688451681930305,0.0581066327466706,0.04164818461828533,0.028319326874783526,0.020928849347943836,0.006089748230904231,0.003775943944507005,1
4979,0.0009496134946272262,0.0013556538762160308,0.0005720025893060098,0.000759690795701781,0.0007619252882314552,0.0009518479871569002,0.0011507086562010421,0.01183581354985973,0.028798872448802033,0.052587982851189916,0.050155094461626526,0.04473171436531524,0.04565452431653948,0.04018063468946411,0.04129564566439833,0.042223243351117684,0.05129733636775155,0.05330621168551846,0.05561289832041145,0.03860570024812779,0.02718370105002695,0.020663218422400514,0.005881867887186623,0.003027374764217201,1
4980,0.00021114945665999006,0.0005654275080952554,0.00034622295380541636,0.00016891956532799206,0.00026524631989431656,0.0004306827364694124,0.0009814261713098065,0.007842008593327792,0.019085774039005663,0.035765368314549996,0.035558410595084425,0.030322528416559066,0.03577516597568633,0.028758554002754032,0.031359868619485885,0.029850001945123304,0.0324802623808918,0.031211208921062873,0.033306188320784774,0.02399146689609029,0.016842593513450757,0.012909543934279484,0.004136722448151946,0.0014961618591527723,1
4981,5.715235025730008e-05,0.0,0.0003630556431281926,0.0,0.00012323061038464221,0.0003630556431281926,0.0012672601681822124,0.003968936567167683,0.011058068815304767,0.019824166924248803,0.02279490621789265,0.021045396098294707,0.02229338965522881,0.015910957370069752,0.024422238073032742,0.019307952648264837,0.013362816870715409,0.01094274552413374,0.009463617598996827,0.00847010127098339,0.00565019645010781,0.0031145924820321215,0.001382722790215081,0.0007608323730849857,1
4982,5.877937797572725e-05,0.0,0.00012447339988206997,0.0,0.00012323061038464221,0.00012447339988206997,0.0007949767648452485,0.0018821693317873046,0.008933662530803566,0.012700922725608018,0.016928628689662897,0.0145956514253691,0.016096870475015176,0.013102319255642064,0.013805411523564173,0.013603514132262209,0.010460563874922687,0.009424529255730448,0.007880047293603526,0.007850622104885144,0.005439273678074948,0.002710917171122019,0.002255482965681217,0.0007754756225508301,1
5073,0.009703614023816667,0.004036266924120409,0.0009595578951181444,0.001616039411410148,0.002651171790799229,0.005748295610221167,0.0093441173662904,0.03518302349469334,0.11842445066025004,0.19378285974254147,0.1886735471406898,0.18858234687773326,0.18310055219443483,0.16308795929320194,0.17930687924400315,0.19488953535540463,0.21831157962266595,0.23512941318423936,0.23667078196144173,0.1813214688225173,0.13972663627007925,0.07733374420849504,0.051949516647591065,0.02802764765962417,1
5074,0.005050685531569262,0.0025468247401728987,0.00045078301202794587,0.0015567780919402985,0.0019952917516917836,0.003280280146382408,0.005959377080075513,0.01974335016211342,0.041274619377813716,0.06182546229175673,0.06951556646965618,0.05918752370610455,0.06282571556120513,0.0479550240471388,0.05769789376640457,0.06821995562526062,0.0696224117803317,0.0704775555238807,0.07953774312695984,0.06180743717965512,0.04370913600843769,0.026241931828145118,0.020838244603122644,0.009614171355201834,1
5075,0.0003824698653388767,0.000660502904408721,5.769421414963759e-06,3.9479439397430935e-05,3.0195112297376305e-05,0.0003282264626838217,0.001310462634743047,0.004563094326025864,0.013003613526556542,0.015713727210160882,0.020401530919399086,0.015337549912846143,0.01667140557891155,0.01813841814867363,0.015352068588005177,0.01594929453903892,0.02185623877787387,0.023370003868429412,0.027694888565556693,0.01392778920317955,0.014841045587803952,0.006140008202830903,0.002749126564228816,0.0013738892795031293,1
5076,0.0003823453861670747,0.0006530173029646404,6.680289517802974e-05,8.90705269040395e-05,8.907052690403959e-05,0.00038234538616707474,0.0012176347005041605,0.0044172595631071735,0.013004598397883564,0.01659789778866033,0.020283563670171083,0.016149642299517677,0.016500398667080512,0.017812020920839475,0.015726892607462944,0.01584146893145491,0.021420383342300064,0.023064454350976257,0.026459188439091882,0.013530481626632862,0.014164807081264415,0.00586248119062233,0.002369023987293287,0.0013067052274082004,1
5077,0.0012044974912724885,0.0008549006655104946,0.00017636535335904103,0.00023223150175219787,0.00037220525623666293,0.0007867679548639857,0.0014900355823266743,0.007170159076734865,0.019667412995306062,0.0285624063521815,0.03127813406527435,0.028127264278082424,0.030095492894017976,0.0286965189327681,0.027174915570829045,0.02741022352959037,0.030873574184805425,0.03436430033086889,0.03650888878220779,0.02117533341714611,0.017924958967655436,0.009114482409148226,0.005262068467389004,0.001874119366032428,0
5078,0.0006661853138293438,0.0008393657371031564,0.0006172638947873777,0.0004213709300200644,0.0004213709300200645,0.0011036369234907885,0.001928630307180924,0.010831264862405468,0.02336648910038795,0.03936531636595512,0.04148685965925823,0.0390680991357714,0.03700757387479968,0.03354184752052306,0.03844460787163217,0.03477664772306656,0.038907584588714766,0.04159084302647675,0.04029225251325008,0.025881021776550668,0.018929871764676885,0.012574281999355882,0.003827597575291701,0.0020466572932017523,0
5079,0.0006635863107987937,0.0006033538538776588,0.0007208549633929245,0.00043816355205029294,0.00044498073352449476,0.0012186917700149698,0.0020885621140131357,0.011061067322506779,0.023263444411482433,0.041338003945203296,0.04148058781454345,0.04138312701372145,0.03867253185352498,0.0331848114419071,0.04064401180288477,0.035589547683275026,0.037011486878722966,0.03999782041650313,0.03707222946591075,0.024406833607970472,0.016878040574894487,0.011304016272604888,0.003681317374018457,0.00203888794826234,1
5080,0.0006446312776354807,0.0003884152042689526,0.0007145114842759266,0.00017317853842035844,0.00029194781608805773,0.0007362497606460021,0.001599732113914912,0.00838674784743339,0.017471774306720304,0.03359490211747437,0.03417366739199179,0.03475355572823951,0.03586578077144221,0.028175802425792717,0.03511393988762081,0.029556525776957075,0.026590858224297954,0.025351509660618565,0.022290699642848508,0.016762314098006305,0.009978173383779099,0.007707571420100469,0.003401468576774304,0.0012205261161343382,1
5081,0.00015317164276908165,0.00011487873207681114,0.0005080158001681105,5.743936603840551e-05,0.00013202967171731985,0.00045191100252300984,0.0012028441750739983,0.004421736422922249,0.009879406287422255,0.01969855786810412,0.02156096903651197,0.020679229881177486,0.02129348970702021,0.01610793954321504,0.02498348647545503,0.019036870240249654,0.013513223251970047,0.010988393858271873,0.009900321695543264,0.007928389471945567,0.005052867904968851,0.0030092570946037202,0.0011485356822781526,0.0004022119985429599,0
5082,0.0,0.0,0.00024005374276414872,0.0,0.00012323061038464221,0.00024005374276414872,0.0008497993166822242,0.0023871072586783056,0.0073857486889328805,0.013382904290243016,0.016111414913585247,0.014551154251369477,0.015265002655143845,0.012298216276837986,0.0163722862781969,0.01379379895210746,0.00971067969751359,0.008046213156270765,0.0072133544871187324,0.006440319609621712,0.004698380496577745,0.002007945624636692,0.0011845771295277679,0.00024646122076928443,0
5173,0.006949910786161136,0.003784592423220926,0.0009695816830294096,2.3433577224178073e-05,0.0007594133498241728,0.0014700686933099155,0.004184498550431804,0.021410882052371627,0.08699368363937225,0.15226992729949576,0.1413878786604685,0.1501448434029705,0.14246132269274503,0.12018538076868915,0.13192427990942432,0.149625175041428,0.16360592157345905,0.17927600134992336,0.17196658158969305,0.14202713037329712,0.10955997226456836,0.06691439823878581,0.042250426289592295,0.02617651569051461,1
5174,0.009751736736864924,0.0012278079010682283,0.00026729239831541166,1.3229446483592978e-05,0.0017038352672794832,0.0007702222300368112,0.002401123192006317,0.02642294406377021,0.06172092132895883,0.10660204151796322,0.1094339957560202,0.10605897977424807,0.11695457153824661,0.0716567880831829,0.09608125844330513,0.12608375697267846,0.12057386596874717,0.11676567245866411,0.1240834997869605,0.11188149116043075,0.08282373706578626,0.04976231629315446,0.040895731574983545,0.020857673304622883,1
5175,0.005074646864557947,0.0005108342985016892,0.0,0.0,0.0007828210455394487,0.00023177551882327108,0.0015639780483345485,0.015488900839891658,0.0318406331917569,0.048016158615188875,0.05416055108680794,0.04939559131603782,0.0583715385877342,0.03501543323279619,0.04668807792036887,0.062340747326309114,0.0608920253891489,0.05862274408557522,0.06416551378658976,0.053038114228995376,0.04152556623689875,0.023494127088315542,0.019859088197993487,0.009830023721222991,1
5176,0.00032383295782334557,0.0006218093589059439,0.0,0.0,0.0,0.00030626431110302956,0.0012338415677722765,0.00434090270894309,0.012761358259206483,0.015324676125033321,0.019980627468439597,0.014930072166988982,0.016217612501601662,0.01794000933785833,0.014920791430289099,0.015279761681553074,0.02137139985019222,0.02292808154910839,0.027206501167850918,0.013309914551192804,0.014501323742183467,0.00595128317469966,0.002485251782264869,0.0012777631845730668,0
5177,0.0006259495659674028,0.0005663581223642701,1.1548774611486084e-05,5.433182104888875e-05,0.0,0.0002934901044152074,0.0012832671038097829,0.004994226175920855,0.015096036665573728,0.019901950415337634,0.024905321767819625,0.01796783615334207,0.020153490741062575,0.019703429480721135,0.018353424248766865,0.019242801937804952,0.023962850592093042,0.026550802628238883,0.029996562399950452,0.015548983226816953,0.015112097602539013,0.007569816655189643,0.0030965953961554237,0.00215979002770593,0
5178,0.0003075965228589743,0.00048371133330981546,0.0003358915940689394,2.8911829597190086e-06,0.0,0.0008415379956289108,0.002091545609395616,0.009517597826076155,0.019353449260065412,0.02769789961435156,0.03367595963609078,0.030177780920395,0.030353533833224755,0.029725422044012,0.030199793790148716,0.026995197201878,0.03297537597210225,0.03644101090298541,0.03659725064263072,0.02051918481735925,0.016921111818266756,0.009620876666075454,0.0035893930527588305,0.0014951420045615602,0
5179,0.0007157390262530627,0.0005912199219362083,0.0008204681500302244,0.0001867786564752814,6.42627670319784e-05,0.001017729981040163,0.0021858978418558416,0.010270596540128931,0.019337552364258305,0.031524413538362606,0.03461620927085536,0.03473875133293378,0.03345910127758378,0.030363041044098107,0.036121844085111356,0.029394546969764217,0.031119799452191038,0.03310337057365069,0.03144437871110297,0.018496266928917815,0.013041615091025738,0.008694094474392202,0.003412986520088768,0.0015585306106946895,1
5180,0.0015018977898633116,0.0011264233423974835,0.0014061958751830906,0.0005690947835793797,0.00020950826942187987,0.0008220664077541797,0.0013548893013395984,0.008544809418650575,0.0160856864335126,0.031111392361919305,0.028409844409095875,0.03198340188735363,0.03101742927554973,0.02616624551091914,0.033623036937457475,0.025936086827512004,0.025653985269182365,0.024164792105879705,0.0226287450583097,0.016107267385197598,0.007796878992645434,0.008638598137770105,0.003473874881501031,0.0017189245110859406,1
5181,0.0012034870532207252,0.000902615289915544,0.0012296434320908612,0.0004704678725682695,0.00019236583804900994,0.0007858843573058872,0.0013891382503230531,0.00758128735380449,0.014189836496454142,0.026978829193708868,0.026145855954051913,0.029014947840852415,0.02752075481910151,0.02329164307199572,0.031291932346751615,0.023616101234556167,0.02214149395179308,0.02071920349389434,0.018404061630718782,0.013389354181322682,0.006411327084875486,0.006753547543893407,0.0026880882360710043,0.0013244574722548685,1
5182,8.652304824735266e-05,6.489228618551437e-05,0.00020253250851698102,4.001595648111113e-05,0.0001282009925942732,0.00015927098439330473,0.0006598834224457531,0.001490625886125782,0.006178998744391599,0.01102901909552491,0.012697444377477232,0.01154311693252112,0.011883256959271815,0.010066537581312722,0.01210710789967658,0.010751407631057728,0.008315375554475216,0.00731894295338866,0.006847433861961959,0.006368528729450942,0.004984252133376713,0.002011414007233527,0.0009482382856719435,0.00031047889034314203,1
