Timestamp;Clasif base;Parámetros;Dataset;Accuracy↑;Hamming Loss↓;Coverage↑;Ranking loss↑;Avg precision macro↑;Avg precision micro↑;ROC AUC↑;f1 score (micro)↑;Recall (micro)↑;f1 score (macro)↑;Recall (macro)↑
2021-10-13 10:39:07;KNeighborsClassifier;n_neighbors= 5;classif20x20week_callin;0.1605148142824651;0.160272828902;0.339778496404;0.321421055796;0.594594594595;0.561224489796;
2021-10-13 10:39:13;KNeighborsClassifier;n_neighbors= 10;classif20x20week_callin;0.15947464519351556;0.149656662651;0.259728506787;0.219463985089;0.55;0.448979591837;
2021-10-13 10:39:14;KNeighborsClassifier;n_neighbors= 5;classif20x20week_callout;0.22728357436316354;0.147466620884;0.36461038961;0.319544299201;0.658823529412;0.577319587629;
2021-10-13 10:39:15;KNeighborsClassifier;n_neighbors= 10;classif20x20week_callout;0.17915868470425594;0.147814921582;0.231175573829;0.203449527959;0.562091503268;0.443298969072;
2021-10-13 10:39:21;KNeighborsClassifier;n_neighbors= 5;classif20x20week_internet;0.15985955860743156;0.16204131721;0.288167832662;0.258259680135;0.534090909091;0.456310679612;
2021-10-13 10:39:22;KNeighborsClassifier;n_neighbors= 10;classif20x20week_internet;0.20794335797030067;0.143029990384;0.194201420621;0.158038720539;0.516556291391;0.378640776699;
2021-10-13 10:39:28;KNeighborsClassifier;n_neighbors= 5;classif20x20week_smsin;0.1923687085272451;0.147280481488;0.26104933375;0.270978929696;0.577319587629;0.528301886792;
2021-10-13 10:39:29;KNeighborsClassifier;n_neighbors= 10;classif20x20week_smsin;0.21331185751917464;0.139620343523;0.249542904148;0.222524460189;0.553672316384;0.462264150943;
2021-10-13 10:39:35;KNeighborsClassifier;n_neighbors= 5;classif20x20week_smsout;0.1721922643167083;0.147474629499;0.334661115153;0.308024196521;0.611398963731;0.551401869159;
2021-10-13 10:39:36;KNeighborsClassifier;n_neighbors= 10;classif20x20week_smsout;0.20522448116881947;0.140402904341;0.25620869013;0.218692411175;0.561403508772;0.448598130841;
